mouseid,jumusid,other,climbid,dateofbirth,diet,datediet,drugtreatment,datedrugstarted,sex,comment,partofcohort,study,strain,partofstudy
mouseid,jumusid,other,climbid,dateofbirth,diet,datediet,drugtreatment,datedrugstarted,sex,comment,partofcohort,study,strain,partofstudy
JAXMM00063,JMUS63,DO021,N/A,5/29/2014,JAXDI00001,6/30/2014,JAXDR00002,N/A,female,Sample sent from Keller Attie as RNA,NULL,RNA-Seq of Diversity Outbred,JR009376,JAXST00007
JAXMM00064,JMUS64,DO022,N/A,5/29/2014,JAXDI00001,6/30/2014,JAXDR00002,N/A,female,Sample sent from Keller Attie as RNA,NULL,RNA-Seq of Diversity Outbred,JR009376,JAXST00007
JAXMM00065,JMUS65,DO023,N/A,5/29/2014,JAXDI00001,6/30/2014,JAXDR00002,N/A,female,Sample sent from Keller Attie as RNA,NULL,RNA-Seq of Diversity Outbred,JR009376,JAXST00007
JAXMM00066,JMUS66,DO024,N/A,5/29/2014,JAXDI00001,6/30/2014,JAXDR00002,N/A,female,Sample sent from Keller Attie as RNA,NULL,RNA-Seq of Diversity Outbred,JR009376,JAXST00007
JAXMM00067,JMUS67,DO025,N/A,5/29/2014,JAXDI00001,6/30/2014,JAXDR00002,N/A,female,Sample sent from Keller Attie as RNA,NULL,RNA-Seq of Diversity Outbred,JR009376,JAXST00007
JAXMM00068,JMUS68,DO026,N/A,5/29/2014,JAXDI00001,6/30/2014,JAXDR00002,N/A,female,Sample sent from Keller Attie as RNA,NULL,RNA-Seq of Diversity Outbred,JR009376,JAXST00007
JAXMM00069,JMUS69,DO027,N/A,5/29/2014,JAXDI00001,6/30/2014,JAXDR00002,N/A,female,Sample sent from Keller Attie as RNA,NULL,RNA-Seq of Diversity Outbred,JR009376,JAXST00007
JAXMM00070,JMUS70,DO028,N/A,5/29/2014,JAXDI00001,6/30/2014,JAXDR00002,N/A,female,Sample sent from Keller Attie as RNA,NULL,RNA-Seq of Diversity Outbred,JR009376,JAXST00007
JAXMM00071,JMUS71,DO030,N/A,5/29/2014,JAXDI00001,6/30/2014,JAXDR00002,N/A,female,Sample sent from Keller Attie as RNA,NULL,RNA-Seq of Diversity Outbred,JR009376,JAXST00007
JAXMM00072,JMUS72,DO031,N/A,5/29/2014,JAXDI00001,6/30/2014,JAXDR00002,N/A,female,Sample sent from Keller Attie as RNA,NULL,RNA-Seq of Diversity Outbred,JR009376,JAXST00007
JAXMM00073,JMUS73,DO032,N/A,5/29/2014,JAXDI00001,6/30/2014,JAXDR00002,N/A,female,Sample sent from Keller Attie as RNA,NULL,RNA-Seq of Diversity Outbred,JR009376,JAXST00007
JAXMM00074,JMUS74,DO033,N/A,5/29/2014,JAXDI00001,6/30/2014,JAXDR00002,N/A,female,Sample sent from Keller Attie as RNA,NULL,RNA-Seq of Diversity Outbred,JR009376,JAXST00007
JAXMM00075,JMUS75,DO034,N/A,5/29/2014,JAXDI00001,6/30/2014,JAXDR00002,N/A,female,Sample sent from Keller Attie as RNA,NULL,RNA-Seq of Diversity Outbred,JR009376,JAXST00007
JAXMM00076,JMUS76,DO035,N/A,5/29/2014,JAXDI00001,6/30/2014,JAXDR00002,N/A,female,Sample sent from Keller Attie as RNA,NULL,RNA-Seq of Diversity Outbred,JR009376,JAXST00007
JAXMM00077,JMUS77,DO036,N/A,5/29/2014,JAXDI00001,6/30/2014,JAXDR00002,N/A,female,Sample sent from Keller Attie as RNA,NULL,RNA-Seq of Diversity Outbred,JR009376,JAXST00007
JAXMM00078,JMUS78,DO037,N/A,5/29/2014,JAXDI00001,6/30/2014,JAXDR00002,N/A,female,Sample sent from Keller Attie as RNA,NULL,RNA-Seq of Diversity Outbred,JR009376,JAXST00007
JAXMM00079,JMUS79,DO038,N/A,5/29/2014,JAXDI00001,6/30/2014,JAXDR00002,N/A,female,Sample sent from Keller Attie as RNA,NULL,RNA-Seq of Diversity Outbred,JR009376,JAXST00007
JAXMM00080,JMUS80,DO039,N/A,5/29/2014,JAXDI00001,6/30/2014,JAXDR00002,N/A,female,Sample sent from Keller Attie as RNA,NULL,RNA-Seq of Diversity Outbred,JR009376,JAXST00007
JAXMM00081,JMUS81,DO040,N/A,5/29/2014,JAXDI00001,6/30/2014,JAXDR00002,N/A,female,Sample sent from Keller Attie as RNA,NULL,RNA-Seq of Diversity Outbred,JR009376,JAXST00007
JAXMM00082,JMUS82,DO041,N/A,5/29/2014,JAXDI00001,6/30/2014,JAXDR00002,N/A,female,Sample sent from Keller Attie as RNA,NULL,RNA-Seq of Diversity Outbred,JR009376,JAXST00007
JAXMM00083,JMUS83,DO042,N/A,5/29/2014,JAXDI00001,6/30/2014,JAXDR00002,N/A,female,Sample sent from Keller Attie as RNA,NULL,RNA-Seq of Diversity Outbred,JR009376,JAXST00007
JAXMM00084,JMUS84,DO043,N/A,5/29/2014,JAXDI00001,6/30/2014,JAXDR00002,N/A,female,Sample sent from Keller Attie as RNA,NULL,RNA-Seq of Diversity Outbred,JR009376,JAXST00007
JAXMM00085,JMUS85,DO044,N/A,5/29/2014,JAXDI00001,6/30/2014,JAXDR00002,N/A,female,Sample sent from Keller Attie as RNA,NULL,RNA-Seq of Diversity Outbred,JR009376,JAXST00007
JAXMM00086,JMUS86,DO046,N/A,5/29/2014,JAXDI00001,6/30/2014,JAXDR00002,N/A,female,Sample sent from Keller Attie as RNA,NULL,RNA-Seq of Diversity Outbred,JR009376,JAXST00007
JAXMM00087,JMUS87,DO047,N/A,5/29/2014,JAXDI00001,6/30/2014,JAXDR00002,N/A,female,Sample sent from Keller Attie as RNA,NULL,RNA-Seq of Diversity Outbred,JR009376,JAXST00007
JAXMM00088,JMUS88,DO048,N/A,5/29/2014,JAXDI00001,6/30/2014,JAXDR00002,N/A,female,Sample sent from Keller Attie as RNA,NULL,RNA-Seq of Diversity Outbred,JR009376,JAXST00007
JAXMM00089,JMUS89,DO049,N/A,5/29/2014,JAXDI00001,6/30/2014,JAXDR00002,N/A,female,Sample sent from Keller Attie as RNA,NULL,RNA-Seq of Diversity Outbred,JR009376,JAXST00007
JAXMM00090,JMUS90,DO050,N/A,5/29/2014,JAXDI00001,6/30/2014,JAXDR00002,N/A,female,Sample sent from Keller Attie as RNA,NULL,RNA-Seq of Diversity Outbred,JR009376,JAXST00007
JAXMM00091,JMUS91,DO051,N/A,5/29/2014,JAXDI00001,6/30/2014,JAXDR00002,N/A,female,Sample sent from Keller Attie as RNA,NULL,RNA-Seq of Diversity Outbred,JR009376,JAXST00007
JAXMM00092,JMUS92,DO052,N/A,5/29/2014,JAXDI00001,6/30/2014,JAXDR00002,N/A,female,Sample sent from Keller Attie as RNA,NULL,RNA-Seq of Diversity Outbred,JR009376,JAXST00007
JAXMM00093,JMUS93,DO053,N/A,5/29/2014,JAXDI00001,6/30/2014,JAXDR00002,N/A,female,Sample sent from Keller Attie as RNA,NULL,RNA-Seq of Diversity Outbred,JR009376,JAXST00007
JAXMM00094,JMUS94,DO054,N/A,5/29/2014,JAXDI00001,6/30/2014,JAXDR00002,N/A,female,Sample sent from Keller Attie as RNA,NULL,RNA-Seq of Diversity Outbred,JR009376,JAXST00007
JAXMM00095,JMUS95,DO055,N/A,5/29/2014,JAXDI00001,6/30/2014,JAXDR00002,N/A,female,Sample sent from Keller Attie as RNA,NULL,RNA-Seq of Diversity Outbred,JR009376,JAXST00007
JAXMM00096,JMUS96,DO056,N/A,5/29/2014,JAXDI00001,6/30/2014,JAXDR00002,N/A,female,Sample sent from Keller Attie as RNA,NULL,RNA-Seq of Diversity Outbred,JR009376,JAXST00007
JAXMM00097,JMUS97,DO057,N/A,5/29/2014,JAXDI00001,6/30/2014,JAXDR00002,N/A,female,Sample sent from Keller Attie as RNA,NULL,RNA-Seq of Diversity Outbred,JR009376,JAXST00007
JAXMM00098,JMUS98,DO058,N/A,5/29/2014,JAXDI00001,6/30/2014,JAXDR00002,N/A,female,Sample sent from Keller Attie as RNA,NULL,RNA-Seq of Diversity Outbred,JR009376,JAXST00007
JAXMM00099,JMUS99,DO059,N/A,5/29/2014,JAXDI00001,6/30/2014,JAXDR00002,N/A,female,Sample sent from Keller Attie as RNA,NULL,RNA-Seq of Diversity Outbred,JR009376,JAXST00007
JAXMM00100,JMUS100,DO060,N/A,5/29/2014,JAXDI00001,6/30/2014,JAXDR00002,N/A,female,Sample sent from Keller Attie as RNA,NULL,RNA-Seq of Diversity Outbred,JR009376,JAXST00007
JAXMM00101,JMUS101,DO061,N/A,5/29/2014,JAXDI00001,6/30/2014,JAXDR00002,N/A,female,Sample sent from Keller Attie as RNA,NULL,RNA-Seq of Diversity Outbred,JR009376,JAXST00007
JAXMM00102,JMUS102,DO062,N/A,5/29/2014,JAXDI00001,6/30/2014,JAXDR00002,N/A,female,Sample sent from Keller Attie as RNA,NULL,RNA-Seq of Diversity Outbred,JR009376,JAXST00007
JAXMM00103,JMUS103,DO063,N/A,5/29/2014,JAXDI00001,6/30/2014,JAXDR00002,N/A,female,Sample sent from Keller Attie as RNA,NULL,RNA-Seq of Diversity Outbred,JR009376,JAXST00007
JAXMM00104,JMUS104,DO064,N/A,5/29/2014,JAXDI00001,6/30/2014,JAXDR00002,N/A,female,Sample sent from Keller Attie as RNA,NULL,RNA-Seq of Diversity Outbred,JR009376,JAXST00007
JAXMM00105,JMUS105,DO065,N/A,5/29/2014,JAXDI00001,6/30/2014,JAXDR00002,N/A,female,Sample sent from Keller Attie as RNA,NULL,RNA-Seq of Diversity Outbred,JR009376,JAXST00007
JAXMM00106,JMUS106,DO066,N/A,5/29/2014,JAXDI00001,6/30/2014,JAXDR00002,N/A,female,Sample sent from Keller Attie as RNA,NULL,RNA-Seq of Diversity Outbred,JR009376,JAXST00007
JAXMM00107,JMUS107,DO067,N/A,5/29/2014,JAXDI00001,6/30/2014,JAXDR00002,N/A,female,Sample sent from Keller Attie as RNA,NULL,RNA-Seq of Diversity Outbred,JR009376,JAXST00007
JAXMM00108,JMUS108,DO068,N/A,5/29/2014,JAXDI00001,6/30/2014,JAXDR00002,N/A,female,Sample sent from Keller Attie as RNA,NULL,RNA-Seq of Diversity Outbred,JR009376,JAXST00007
JAXMM00109,JMUS109,DO069,N/A,5/29/2014,JAXDI00001,6/30/2014,JAXDR00002,N/A,female,Sample sent from Keller Attie as RNA,NULL,RNA-Seq of Diversity Outbred,JR009376,JAXST00007
JAXMM00110,JMUS110,DO070,N/A,5/29/2014,JAXDI00001,6/30/2014,JAXDR00002,N/A,female,Sample sent from Keller Attie as RNA,NULL,RNA-Seq of Diversity Outbred,JR009376,JAXST00007
JAXMM00111,JMUS111,DO071,N/A,5/29/2014,JAXDI00001,6/30/2014,JAXDR00002,N/A,male,Sample sent from Keller Attie as RNA,NULL,RNA-Seq of Diversity Outbred,JR009376,JAXST00007
JAXMM00112,JMUS112,DO072,N/A,5/29/2014,JAXDI00001,6/30/2014,JAXDR00002,N/A,male,Sample sent from Keller Attie as RNA,NULL,RNA-Seq of Diversity Outbred,JR009376,JAXST00007
JAXMM00113,JMUS113,DO073,N/A,5/29/2014,JAXDI00001,6/30/2014,JAXDR00002,N/A,male,Sample sent from Keller Attie as RNA,NULL,RNA-Seq of Diversity Outbred,JR009376,JAXST00007
JAXMM00114,JMUS114,DO074,N/A,5/29/2014,JAXDI00001,6/30/2014,JAXDR00002,N/A,male,Sample sent from Keller Attie as RNA,NULL,RNA-Seq of Diversity Outbred,JR009376,JAXST00007
JAXMM00115,JMUS115,DO075,N/A,5/29/2014,JAXDI00001,6/30/2014,JAXDR00002,N/A,male,Sample sent from Keller Attie as RNA,NULL,RNA-Seq of Diversity Outbred,JR009376,JAXST00007
JAXMM00116,JMUS116,DO076,N/A,5/29/2014,JAXDI00001,6/30/2014,JAXDR00002,N/A,male,Sample sent from Keller Attie as RNA,NULL,RNA-Seq of Diversity Outbred,JR009376,JAXST00007
JAXMM00117,JMUS117,DO078,N/A,5/29/2014,JAXDI00001,6/30/2014,JAXDR00002,N/A,male,Sample sent from Keller Attie as RNA,NULL,RNA-Seq of Diversity Outbred,JR009376,JAXST00007
JAXMM00118,JMUS118,DO079,N/A,5/29/2014,JAXDI00001,6/30/2014,JAXDR00002,N/A,male,Sample sent from Keller Attie as RNA,NULL,RNA-Seq of Diversity Outbred,JR009376,JAXST00007
JAXMM00119,JMUS119,DO080,N/A,5/29/2014,JAXDI00001,6/30/2014,JAXDR00002,N/A,male,Sample sent from Keller Attie as RNA,NULL,RNA-Seq of Diversity Outbred,JR009376,JAXST00007
JAXMM00120,JMUS120,DO081,N/A,5/29/2014,JAXDI00001,6/30/2014,JAXDR00002,N/A,male,Sample sent from Keller Attie as RNA,NULL,RNA-Seq of Diversity Outbred,JR009376,JAXST00007
JAXMM00121,JMUS121,DO082,N/A,5/29/2014,JAXDI00001,6/30/2014,JAXDR00002,N/A,male,Sample sent from Keller Attie as RNA,NULL,RNA-Seq of Diversity Outbred,JR009376,JAXST00007
JAXMM00122,JMUS122,DO083,N/A,5/29/2014,JAXDI00001,6/30/2014,JAXDR00002,N/A,male,Sample sent from Keller Attie as RNA,NULL,RNA-Seq of Diversity Outbred,JR009376,JAXST00007
JAXMM00123,JMUS123,DO084,N/A,5/29/2014,JAXDI00001,6/30/2014,JAXDR00002,N/A,male,Sample sent from Keller Attie as RNA,NULL,RNA-Seq of Diversity Outbred,JR009376,JAXST00007
JAXMM00124,JMUS124,DO085,N/A,5/29/2014,JAXDI00001,6/30/2014,JAXDR00002,N/A,male,Sample sent from Keller Attie as RNA,NULL,RNA-Seq of Diversity Outbred,JR009376,JAXST00007
JAXMM00125,JMUS125,DO086,N/A,5/29/2014,JAXDI00001,6/30/2014,JAXDR00002,N/A,male,Sample sent from Keller Attie as RNA,NULL,RNA-Seq of Diversity Outbred,JR009376,JAXST00007
JAXMM00126,JMUS126,DO087,N/A,5/29/2014,JAXDI00001,6/30/2014,JAXDR00002,N/A,male,Sample sent from Keller Attie as RNA,NULL,RNA-Seq of Diversity Outbred,JR009376,JAXST00007
JAXMM00127,JMUS127,DO088,N/A,5/29/2014,JAXDI00001,6/30/2014,JAXDR00002,N/A,male,Sample sent from Keller Attie as RNA,NULL,RNA-Seq of Diversity Outbred,JR009376,JAXST00007
JAXMM00128,JMUS128,DO089,N/A,5/29/2014,JAXDI00001,6/30/2014,JAXDR00002,N/A,male,Sample sent from Keller Attie as RNA,NULL,RNA-Seq of Diversity Outbred,JR009376,JAXST00007
JAXMM00129,JMUS129,DO090,N/A,5/29/2014,JAXDI00001,6/30/2014,JAXDR00002,N/A,male,Sample sent from Keller Attie as RNA,NULL,RNA-Seq of Diversity Outbred,JR009376,JAXST00007
JAXMM00130,JMUS130,DO091,N/A,5/29/2014,JAXDI00001,6/30/2014,JAXDR00002,N/A,male,Sample sent from Keller Attie as RNA,NULL,RNA-Seq of Diversity Outbred,JR009376,JAXST00007
JAXMM00131,JMUS131,DO092,N/A,5/29/2014,JAXDI00001,6/30/2014,JAXDR00002,N/A,male,Sample sent from Keller Attie as RNA,NULL,RNA-Seq of Diversity Outbred,JR009376,JAXST00007
JAXMM00132,JMUS132,DO093,N/A,5/29/2014,JAXDI00001,6/30/2014,JAXDR00002,N/A,male,Sample sent from Keller Attie as RNA,NULL,RNA-Seq of Diversity Outbred,JR009376,JAXST00007
JAXMM00133,JMUS133,DO094,N/A,5/29/2014,JAXDI00001,6/30/2014,JAXDR00002,N/A,male,Sample sent from Keller Attie as RNA,NULL,RNA-Seq of Diversity Outbred,JR009376,JAXST00007
JAXMM00134,JMUS134,DO095,N/A,5/29/2014,JAXDI00001,6/30/2014,JAXDR00002,N/A,male,Sample sent from Keller Attie as RNA,NULL,RNA-Seq of Diversity Outbred,JR009376,JAXST00007
JAXMM00135,JMUS135,DO096,N/A,5/29/2014,JAXDI00001,6/30/2014,JAXDR00002,N/A,male,Sample sent from Keller Attie as RNA,NULL,RNA-Seq of Diversity Outbred,JR009376,JAXST00007
JAXMM00136,JMUS136,DO097,N/A,5/29/2014,JAXDI00001,6/30/2014,JAXDR00002,N/A,male,Sample sent from Keller Attie as RNA,NULL,RNA-Seq of Diversity Outbred,JR009376,JAXST00007
JAXMM00137,JMUS137,DO098,N/A,5/29/2014,JAXDI00001,6/30/2014,JAXDR00002,N/A,male,Sample sent from Keller Attie as RNA,NULL,RNA-Seq of Diversity Outbred,JR009376,JAXST00007
JAXMM00138,JMUS138,DO099,N/A,5/29/2014,JAXDI00001,6/30/2014,JAXDR00002,N/A,male,Sample sent from Keller Attie as RNA,NULL,RNA-Seq of Diversity Outbred,JR009376,JAXST00007
JAXMM00139,JMUS139,DO100,N/A,5/29/2014,JAXDI00001,6/30/2014,JAXDR00002,N/A,male,Sample sent from Keller Attie as RNA,NULL,RNA-Seq of Diversity Outbred,JR009376,JAXST00007
JAXMM00140,JMUS140,DO101,N/A,5/29/2014,JAXDI00001,6/30/2014,JAXDR00002,N/A,male,Sample sent from Keller Attie as RNA,NULL,RNA-Seq of Diversity Outbred,JR009376,JAXST00007
JAXMM00141,JMUS141,DO102,N/A,5/29/2014,JAXDI00001,6/30/2014,JAXDR00002,N/A,male,Sample sent from Keller Attie as RNA,NULL,RNA-Seq of Diversity Outbred,JR009376,JAXST00007
JAXMM00142,JMUS142,DO103,N/A,5/29/2014,JAXDI00001,6/30/2014,JAXDR00002,N/A,male,Sample sent from Keller Attie as RNA,NULL,RNA-Seq of Diversity Outbred,JR009376,JAXST00007
JAXMM00143,JMUS143,DO104,N/A,5/29/2014,JAXDI00001,6/30/2014,JAXDR00002,N/A,male,Sample sent from Keller Attie as RNA,NULL,RNA-Seq of Diversity Outbred,JR009376,JAXST00007
JAXMM00144,JMUS144,DO105,N/A,5/29/2014,JAXDI00001,6/30/2014,JAXDR00002,N/A,male,Sample sent from Keller Attie as RNA,NULL,RNA-Seq of Diversity Outbred,JR009376,JAXST00007
JAXMM00145,JMUS145,DO106,N/A,5/29/2014,JAXDI00001,6/30/2014,JAXDR00002,N/A,male,Sample sent from Keller Attie as RNA,NULL,RNA-Seq of Diversity Outbred,JR009376,JAXST00007
JAXMM00146,JMUS146,DO107,N/A,5/29/2014,JAXDI00001,6/30/2014,JAXDR00002,N/A,male,Sample sent from Keller Attie as RNA,NULL,RNA-Seq of Diversity Outbred,JR009376,JAXST00007
JAXMM00147,JMUS147,DO108,N/A,5/29/2014,JAXDI00001,6/30/2014,JAXDR00002,N/A,male,Sample sent from Keller Attie as RNA,NULL,RNA-Seq of Diversity Outbred,JR009376,JAXST00007
JAXMM00148,JMUS148,DO109,N/A,5/29/2014,JAXDI00001,6/30/2014,JAXDR00002,N/A,male,Sample sent from Keller Attie as RNA,NULL,RNA-Seq of Diversity Outbred,JR009376,JAXST00007
JAXMM00149,JMUS149,DO111,N/A,5/29/2014,JAXDI00001,6/30/2014,JAXDR00002,N/A,male,Sample sent from Keller Attie as RNA,NULL,RNA-Seq of Diversity Outbred,JR009376,JAXST00007
JAXMM00150,JMUS150,DO112,N/A,5/29/2014,JAXDI00001,6/30/2014,JAXDR00002,N/A,male,Sample sent from Keller Attie as RNA,NULL,RNA-Seq of Diversity Outbred,JR009376,JAXST00007
JAXMM00151,JMUS151,DO113,N/A,5/29/2014,JAXDI00001,6/30/2014,JAXDR00002,N/A,male,Sample sent from Keller Attie as RNA,NULL,RNA-Seq of Diversity Outbred,JR009376,JAXST00007
JAXMM00152,JMUS152,DO114,N/A,5/29/2014,JAXDI00001,6/30/2014,JAXDR00002,N/A,male,Sample sent from Keller Attie as RNA,NULL,RNA-Seq of Diversity Outbred,JR009376,JAXST00007
JAXMM00153,JMUS153,DO115,N/A,5/29/2014,JAXDI00001,6/30/2014,JAXDR00002,N/A,male,Sample sent from Keller Attie as RNA,NULL,RNA-Seq of Diversity Outbred,JR009376,JAXST00007
JAXMM00154,JMUS154,DO116,N/A,5/29/2014,JAXDI00001,6/30/2014,JAXDR00002,N/A,male,Sample sent from Keller Attie as RNA,NULL,RNA-Seq of Diversity Outbred,JR009376,JAXST00007
JAXMM00155,JMUS155,DO118,N/A,5/29/2014,JAXDI00001,6/30/2014,JAXDR00002,N/A,male,Sample sent from Keller Attie as RNA,NULL,RNA-Seq of Diversity Outbred,JR009376,JAXST00007
JAXMM00156,JMUS156,DO119,N/A,5/29/2014,JAXDI00001,6/30/2014,JAXDR00002,N/A,male,Sample sent from Keller Attie as RNA,NULL,RNA-Seq of Diversity Outbred,JR009376,JAXST00007
JAXMM00157,JMUS157,DO120,N/A,5/29/2014,JAXDI00001,6/30/2014,JAXDR00002,N/A,male,Sample sent from Keller Attie as RNA,NULL,RNA-Seq of Diversity Outbred,JR009376,JAXST00007
JAXMM00158,JMUS158,DO121,N/A,10/15/2014,JAXDI00001,11/19/2014,JAXDR00002,N/A,female,Sample sent from Keller Attie as RNA,NULL,RNA-Seq of Diversity Outbred,JR009376,JAXST00007
JAXMM00159,JMUS159,DO122,N/A,10/15/2014,JAXDI00001,11/19/2014,JAXDR00002,N/A,female,Sample sent from Keller Attie as RNA,NULL,RNA-Seq of Diversity Outbred,JR009376,JAXST00007
JAXMM00160,JMUS160,DO123,N/A,10/15/2014,JAXDI00001,11/19/2014,JAXDR00002,N/A,female,Sample sent from Keller Attie as RNA,NULL,RNA-Seq of Diversity Outbred,JR009376,JAXST00007
JAXMM00161,JMUS161,DO124,N/A,10/15/2014,JAXDI00001,11/19/2014,JAXDR00002,N/A,female,Sample sent from Keller Attie as RNA,NULL,RNA-Seq of Diversity Outbred,JR009376,JAXST00007
JAXMM00162,JMUS162,DO125,N/A,10/15/2014,JAXDI00001,11/19/2014,JAXDR00002,N/A,female,Sample sent from Keller Attie as RNA,NULL,RNA-Seq of Diversity Outbred,JR009376,JAXST00007
JAXMM00163,JMUS163,DO126,N/A,10/15/2014,JAXDI00001,11/19/2014,JAXDR00002,N/A,female,Sample sent from Keller Attie as RNA,NULL,RNA-Seq of Diversity Outbred,JR009376,JAXST00007
JAXMM00164,JMUS164,DO128,N/A,10/15/2014,JAXDI00001,11/19/2014,JAXDR00002,N/A,female,Sample sent from Keller Attie as RNA,NULL,RNA-Seq of Diversity Outbred,JR009376,JAXST00007
JAXMM00165,JMUS165,DO129,N/A,10/15/2014,JAXDI00001,11/19/2014,JAXDR00002,N/A,female,Sample sent from Keller Attie as RNA,NULL,RNA-Seq of Diversity Outbred,JR009376,JAXST00007
JAXMM00166,JMUS166,DO130,N/A,10/15/2014,JAXDI00001,11/19/2014,JAXDR00002,N/A,female,Sample sent from Keller Attie as RNA,NULL,RNA-Seq of Diversity Outbred,JR009376,JAXST00007
JAXMM00167,JMUS167,DO131,N/A,10/15/2014,JAXDI00001,11/19/2014,JAXDR00002,N/A,female,Sample sent from Keller Attie as RNA,NULL,RNA-Seq of Diversity Outbred,JR009376,JAXST00007
JAXMM00168,JMUS168,DO132,N/A,10/15/2014,JAXDI00001,11/19/2014,JAXDR00002,N/A,female,Sample sent from Keller Attie as RNA,NULL,RNA-Seq of Diversity Outbred,JR009376,JAXST00007
JAXMM00169,JMUS169,DO133,N/A,10/15/2014,JAXDI00001,11/19/2014,JAXDR00002,N/A,female,Sample sent from Keller Attie as RNA,NULL,RNA-Seq of Diversity Outbred,JR009376,JAXST00007
JAXMM00170,JMUS170,DO137,N/A,10/15/2014,JAXDI00001,11/19/2014,JAXDR00002,N/A,female,Sample sent from Keller Attie as RNA,NULL,RNA-Seq of Diversity Outbred,JR009376,JAXST00007
JAXMM00171,JMUS171,DO138,N/A,10/15/2014,JAXDI00001,11/19/2014,JAXDR00002,N/A,female,Sample sent from Keller Attie as RNA,NULL,RNA-Seq of Diversity Outbred,JR009376,JAXST00007
JAXMM00172,JMUS172,DO140,N/A,10/15/2014,JAXDI00001,11/19/2014,JAXDR00002,N/A,female,Sample sent from Keller Attie as RNA,NULL,RNA-Seq of Diversity Outbred,JR009376,JAXST00007
JAXMM00173,JMUS173,DO141,N/A,10/15/2014,JAXDI00001,11/19/2014,JAXDR00002,N/A,female,Sample sent from Keller Attie as RNA,NULL,RNA-Seq of Diversity Outbred,JR009376,JAXST00007
JAXMM00174,JMUS174,DO142,N/A,10/15/2014,JAXDI00001,11/19/2014,JAXDR00002,N/A,female,Sample sent from Keller Attie as RNA,NULL,RNA-Seq of Diversity Outbred,JR009376,JAXST00007
JAXMM00175,JMUS175,DO143,N/A,10/15/2014,JAXDI00001,11/19/2014,JAXDR00002,N/A,female,Sample sent from Keller Attie as RNA,NULL,RNA-Seq of Diversity Outbred,JR009376,JAXST00007
JAXMM00176,JMUS176,DO144,N/A,10/15/2014,JAXDI00001,11/19/2014,JAXDR00002,N/A,female,Sample sent from Keller Attie as RNA,NULL,RNA-Seq of Diversity Outbred,JR009376,JAXST00007
JAXMM00177,JMUS177,DO145,N/A,10/15/2014,JAXDI00001,11/19/2014,JAXDR00002,N/A,female,Sample sent from Keller Attie as RNA,NULL,RNA-Seq of Diversity Outbred,JR009376,JAXST00007
JAXMM00178,JMUS178,DO146,N/A,10/15/2014,JAXDI00001,11/19/2014,JAXDR00002,N/A,female,Sample sent from Keller Attie as RNA,NULL,RNA-Seq of Diversity Outbred,JR009376,JAXST00007
JAXMM00179,JMUS179,DO147,N/A,10/15/2014,JAXDI00001,11/19/2014,JAXDR00002,N/A,female,Sample sent from Keller Attie as RNA,NULL,RNA-Seq of Diversity Outbred,JR009376,JAXST00007
JAXMM00180,JMUS180,DO148,N/A,10/15/2014,JAXDI00001,11/19/2014,JAXDR00002,N/A,female,Sample sent from Keller Attie as RNA,NULL,RNA-Seq of Diversity Outbred,JR009376,JAXST00007
JAXMM00181,JMUS181,DO149,N/A,10/15/2014,JAXDI00001,11/19/2014,JAXDR00002,N/A,female,Sample sent from Keller Attie as RNA,NULL,RNA-Seq of Diversity Outbred,JR009376,JAXST00007
JAXMM00182,JMUS182,DO150,N/A,10/15/2014,JAXDI00001,11/19/2014,JAXDR00002,N/A,female,Sample sent from Keller Attie as RNA,NULL,RNA-Seq of Diversity Outbred,JR009376,JAXST00007
JAXMM00183,JMUS183,DO151,N/A,10/15/2014,JAXDI00001,11/19/2014,JAXDR00002,N/A,female,Sample sent from Keller Attie as RNA,NULL,RNA-Seq of Diversity Outbred,JR009376,JAXST00007
JAXMM00184,JMUS184,DO152,N/A,10/15/2014,JAXDI00001,11/19/2014,JAXDR00002,N/A,female,Sample sent from Keller Attie as RNA,NULL,RNA-Seq of Diversity Outbred,JR009376,JAXST00007
JAXMM00185,JMUS185,DO153,N/A,10/15/2014,JAXDI00001,11/19/2014,JAXDR00002,N/A,female,Sample sent from Keller Attie as RNA,NULL,RNA-Seq of Diversity Outbred,JR009376,JAXST00007
JAXMM00186,JMUS186,DO154,N/A,10/15/2014,JAXDI00001,11/19/2014,JAXDR00002,N/A,female,Sample sent from Keller Attie as RNA,NULL,RNA-Seq of Diversity Outbred,JR009376,JAXST00007
JAXMM00187,JMUS187,DO155,N/A,10/15/2014,JAXDI00001,11/19/2014,JAXDR00002,N/A,female,Sample sent from Keller Attie as RNA,NULL,RNA-Seq of Diversity Outbred,JR009376,JAXST00007
JAXMM00188,JMUS188,DO156,N/A,10/15/2014,JAXDI00001,11/19/2014,JAXDR00002,N/A,female,Sample sent from Keller Attie as RNA,NULL,RNA-Seq of Diversity Outbred,JR009376,JAXST00007
JAXMM00189,JMUS189,DO157,N/A,10/15/2014,JAXDI00001,11/19/2014,JAXDR00002,N/A,female,Sample sent from Keller Attie as RNA,NULL,RNA-Seq of Diversity Outbred,JR009376,JAXST00007
JAXMM00190,JMUS190,DO158,N/A,10/15/2014,JAXDI00001,11/19/2014,JAXDR00002,N/A,female,Sample sent from Keller Attie as RNA,NULL,RNA-Seq of Diversity Outbred,JR009376,JAXST00007
JAXMM00191,JMUS191,DO159,N/A,10/15/2014,JAXDI00001,11/19/2014,JAXDR00002,N/A,female,Sample sent from Keller Attie as RNA,NULL,RNA-Seq of Diversity Outbred,JR009376,JAXST00007
JAXMM00192,JMUS192,DO160,N/A,10/15/2014,JAXDI00001,11/19/2014,JAXDR00002,N/A,female,Sample sent from Keller Attie as RNA,NULL,RNA-Seq of Diversity Outbred,JR009376,JAXST00007
JAXMM00193,JMUS193,DO161,N/A,10/15/2014,JAXDI00001,11/19/2014,JAXDR00002,N/A,female,Sample sent from Keller Attie as RNA,NULL,RNA-Seq of Diversity Outbred,JR009376,JAXST00007
JAXMM00194,JMUS194,DO162,N/A,10/15/2014,JAXDI00001,11/19/2014,JAXDR00002,N/A,female,Sample sent from Keller Attie as RNA,NULL,RNA-Seq of Diversity Outbred,JR009376,JAXST00007
JAXMM00195,JMUS195,DO163,N/A,10/15/2014,JAXDI00001,11/19/2014,JAXDR00002,N/A,female,Sample sent from Keller Attie as RNA,NULL,RNA-Seq of Diversity Outbred,JR009376,JAXST00007
JAXMM00196,JMUS196,DO164,N/A,10/15/2014,JAXDI00001,11/19/2014,JAXDR00002,N/A,female,Sample sent from Keller Attie as RNA,NULL,RNA-Seq of Diversity Outbred,JR009376,JAXST00007
JAXMM00197,JMUS197,DO165,N/A,10/15/2014,JAXDI00001,11/19/2014,JAXDR00002,N/A,female,Sample sent from Keller Attie as RNA,NULL,RNA-Seq of Diversity Outbred,JR009376,JAXST00007
JAXMM00198,JMUS198,DO166,N/A,10/15/2014,JAXDI00001,11/19/2014,JAXDR00002,N/A,female,Sample sent from Keller Attie as RNA,NULL,RNA-Seq of Diversity Outbred,JR009376,JAXST00007
JAXMM00199,JMUS199,DO167,N/A,10/15/2014,JAXDI00001,11/19/2014,JAXDR00002,N/A,female,Sample sent from Keller Attie as RNA,NULL,RNA-Seq of Diversity Outbred,JR009376,JAXST00007
JAXMM00200,JMUS200,DO168,N/A,10/15/2014,JAXDI00001,11/19/2014,JAXDR00002,N/A,female,Sample sent from Keller Attie as RNA,NULL,RNA-Seq of Diversity Outbred,JR009376,JAXST00007
JAXMM00201,JMUS201,DO169,N/A,10/15/2014,JAXDI00001,11/19/2014,JAXDR00002,N/A,female,Sample sent from Keller Attie as RNA,NULL,RNA-Seq of Diversity Outbred,JR009376,JAXST00007
JAXMM00202,JMUS202,DO170,N/A,10/15/2014,JAXDI00001,11/19/2014,JAXDR00002,N/A,female,Sample sent from Keller Attie as RNA,NULL,RNA-Seq of Diversity Outbred,JR009376,JAXST00007
JAXMM00203,JMUS203,DO171,N/A,10/15/2014,JAXDI00001,11/19/2014,JAXDR00002,N/A,male,Sample sent from Keller Attie as RNA,NULL,RNA-Seq of Diversity Outbred,JR009376,JAXST00007
JAXMM00204,JMUS204,DO172,N/A,10/15/2014,JAXDI00001,11/19/2014,JAXDR00002,N/A,male,Sample sent from Keller Attie as RNA,NULL,RNA-Seq of Diversity Outbred,JR009376,JAXST00007
JAXMM00205,JMUS205,DO173,N/A,10/15/2014,JAXDI00001,11/19/2014,JAXDR00002,N/A,male,Sample sent from Keller Attie as RNA,NULL,RNA-Seq of Diversity Outbred,JR009376,JAXST00007
JAXMM00206,JMUS206,DO174,N/A,10/15/2014,JAXDI00001,11/19/2014,JAXDR00002,N/A,male,Sample sent from Keller Attie as RNA,NULL,RNA-Seq of Diversity Outbred,JR009376,JAXST00007
JAXMM00207,JMUS207,DO175,N/A,10/15/2014,JAXDI00001,11/19/2014,JAXDR00002,N/A,male,Sample sent from Keller Attie as RNA,NULL,RNA-Seq of Diversity Outbred,JR009376,JAXST00007
JAXMM00208,JMUS208,DO176,N/A,10/15/2014,JAXDI00001,11/19/2014,JAXDR00002,N/A,male,Sample sent from Keller Attie as RNA,NULL,RNA-Seq of Diversity Outbred,JR009376,JAXST00007
JAXMM00209,JMUS209,DO177,N/A,10/15/2014,JAXDI00001,11/19/2014,JAXDR00002,N/A,male,Sample sent from Keller Attie as RNA,NULL,RNA-Seq of Diversity Outbred,JR009376,JAXST00007
JAXMM00210,JMUS210,DO178,N/A,10/15/2014,JAXDI00001,11/19/2014,JAXDR00002,N/A,male,Sample sent from Keller Attie as RNA,NULL,RNA-Seq of Diversity Outbred,JR009376,JAXST00007
JAXMM00211,JMUS211,DO179,N/A,10/15/2014,JAXDI00001,11/19/2014,JAXDR00002,N/A,male,Sample sent from Keller Attie as RNA,NULL,RNA-Seq of Diversity Outbred,JR009376,JAXST00007
JAXMM00212,JMUS212,DO180,N/A,10/15/2014,JAXDI00001,11/19/2014,JAXDR00002,N/A,male,Sample sent from Keller Attie as RNA,NULL,RNA-Seq of Diversity Outbred,JR009376,JAXST00007
JAXMM00213,JMUS213,DO181,N/A,10/15/2014,JAXDI00001,11/19/2014,JAXDR00002,N/A,male,Sample sent from Keller Attie as RNA,NULL,RNA-Seq of Diversity Outbred,JR009376,JAXST00007
JAXMM00214,JMUS214,DO182,N/A,10/15/2014,JAXDI00001,11/19/2014,JAXDR00002,N/A,male,Sample sent from Keller Attie as RNA,NULL,RNA-Seq of Diversity Outbred,JR009376,JAXST00007
JAXMM00215,JMUS215,DO183,N/A,10/15/2014,JAXDI00001,11/19/2014,JAXDR00002,N/A,male,Sample sent from Keller Attie as RNA,NULL,RNA-Seq of Diversity Outbred,JR009376,JAXST00007
JAXMM00216,JMUS216,DO184,N/A,10/15/2014,JAXDI00001,11/19/2014,JAXDR00002,N/A,male,Sample sent from Keller Attie as RNA,NULL,RNA-Seq of Diversity Outbred,JR009376,JAXST00007
JAXMM00217,JMUS217,DO185,N/A,10/15/2014,JAXDI00001,11/19/2014,JAXDR00002,N/A,male,Sample sent from Keller Attie as RNA,NULL,RNA-Seq of Diversity Outbred,JR009376,JAXST00007
JAXMM00218,JMUS218,DO186,N/A,10/15/2014,JAXDI00001,11/19/2014,JAXDR00002,N/A,male,Sample sent from Keller Attie as RNA,NULL,RNA-Seq of Diversity Outbred,JR009376,JAXST00007
JAXMM00219,JMUS219,DO187,N/A,10/15/2014,JAXDI00001,11/19/2014,JAXDR00002,N/A,male,Sample sent from Keller Attie as RNA,NULL,RNA-Seq of Diversity Outbred,JR009376,JAXST00007
JAXMM00220,JMUS220,DO188,N/A,10/15/2014,JAXDI00001,11/19/2014,JAXDR00002,N/A,male,Sample sent from Keller Attie as RNA,NULL,RNA-Seq of Diversity Outbred,JR009376,JAXST00007
JAXMM00221,JMUS221,DO189,N/A,10/15/2014,JAXDI00001,11/19/2014,JAXDR00002,N/A,male,Sample sent from Keller Attie as RNA,NULL,RNA-Seq of Diversity Outbred,JR009376,JAXST00007
JAXMM00222,JMUS222,DO190,N/A,10/15/2014,JAXDI00001,11/19/2014,JAXDR00002,N/A,male,Sample sent from Keller Attie as RNA,NULL,RNA-Seq of Diversity Outbred,JR009376,JAXST00007
JAXMM00223,JMUS223,DO191,N/A,10/15/2014,JAXDI00001,11/19/2014,JAXDR00002,N/A,female,Sample sent from Keller Attie as RNA,NULL,RNA-Seq of Diversity Outbred,JR009376,JAXST00007
JAXMM00224,JMUS224,DO192,N/A,10/15/2014,JAXDI00001,11/19/2014,JAXDR00002,N/A,male,Sample sent from Keller Attie as RNA,NULL,RNA-Seq of Diversity Outbred,JR009376,JAXST00007
JAXMM00225,JMUS225,DO193,N/A,10/15/2014,JAXDI00001,11/19/2014,JAXDR00002,N/A,male,Sample sent from Keller Attie as RNA,NULL,RNA-Seq of Diversity Outbred,JR009376,JAXST00007
JAXMM00226,JMUS226,DO194,N/A,10/15/2014,JAXDI00001,11/19/2014,JAXDR00002,N/A,male,Sample sent from Keller Attie as RNA,NULL,RNA-Seq of Diversity Outbred,JR009376,JAXST00007
JAXMM00227,JMUS227,DO195,N/A,10/15/2014,JAXDI00001,11/19/2014,JAXDR00002,N/A,male,Sample sent from Keller Attie as RNA,NULL,RNA-Seq of Diversity Outbred,JR009376,JAXST00007
JAXMM00228,JMUS228,DO196,N/A,10/15/2014,JAXDI00001,11/19/2014,JAXDR00002,N/A,male,Sample sent from Keller Attie as RNA,NULL,RNA-Seq of Diversity Outbred,JR009376,JAXST00007
JAXMM00229,JMUS229,DO197,N/A,10/15/2014,JAXDI00001,11/19/2014,JAXDR00002,N/A,male,Sample sent from Keller Attie as RNA,NULL,RNA-Seq of Diversity Outbred,JR009376,JAXST00007
JAXMM00230,JMUS230,DO199,N/A,10/15/2014,JAXDI00001,11/19/2014,JAXDR00002,N/A,male,Sample sent from Keller Attie as RNA,NULL,RNA-Seq of Diversity Outbred,JR009376,JAXST00007
JAXMM00231,JMUS231,DO200,N/A,10/15/2014,JAXDI00001,11/19/2014,JAXDR00002,N/A,male,Sample sent from Keller Attie as RNA,NULL,RNA-Seq of Diversity Outbred,JR009376,JAXST00007
JAXMM00232,JMUS232,DO201,N/A,10/15/2014,JAXDI00001,11/19/2014,JAXDR00002,N/A,male,Sample sent from Keller Attie as RNA,NULL,RNA-Seq of Diversity Outbred,JR009376,JAXST00007
JAXMM00233,JMUS233,DO202,N/A,10/15/2014,JAXDI00001,11/19/2014,JAXDR00002,N/A,male,Sample sent from Keller Attie as RNA,NULL,RNA-Seq of Diversity Outbred,JR009376,JAXST00007
JAXMM00234,JMUS234,DO203,N/A,10/15/2014,JAXDI00001,11/19/2014,JAXDR00002,N/A,male,Sample sent from Keller Attie as RNA,NULL,RNA-Seq of Diversity Outbred,JR009376,JAXST00007
JAXMM00235,JMUS235,DO204,N/A,10/15/2014,JAXDI00001,11/19/2014,JAXDR00002,N/A,male,Sample sent from Keller Attie as RNA,NULL,RNA-Seq of Diversity Outbred,JR009376,JAXST00007
JAXMM00236,JMUS236,DO205,N/A,10/15/2014,JAXDI00001,11/19/2014,JAXDR00002,N/A,male,Sample sent from Keller Attie as RNA,NULL,RNA-Seq of Diversity Outbred,JR009376,JAXST00007
JAXMM00237,JMUS237,DO206,N/A,10/15/2014,JAXDI00001,11/19/2014,JAXDR00002,N/A,male,Sample sent from Keller Attie as RNA,NULL,RNA-Seq of Diversity Outbred,JR009376,JAXST00007
JAXMM00238,JMUS238,DO207,N/A,10/15/2014,JAXDI00001,11/19/2014,JAXDR00002,N/A,male,Sample sent from Keller Attie as RNA,NULL,RNA-Seq of Diversity Outbred,JR009376,JAXST00007
JAXMM00239,JMUS239,DO208,N/A,10/15/2014,JAXDI00001,11/19/2014,JAXDR00002,N/A,male,Sample sent from Keller Attie as RNA,NULL,RNA-Seq of Diversity Outbred,JR009376,JAXST00007
JAXMM00240,JMUS240,DO209,N/A,10/15/2014,JAXDI00001,11/19/2014,JAXDR00002,N/A,male,Sample sent from Keller Attie as RNA,NULL,RNA-Seq of Diversity Outbred,JR009376,JAXST00007
JAXMM00241,JMUS241,DO210,N/A,10/15/2014,JAXDI00001,11/19/2014,JAXDR00002,N/A,male,Sample sent from Keller Attie as RNA,NULL,RNA-Seq of Diversity Outbred,JR009376,JAXST00007
JAXMM00242,JMUS242,DO211,N/A,10/15/2014,JAXDI00001,11/19/2014,JAXDR00002,N/A,male,Sample sent from Keller Attie as RNA,NULL,RNA-Seq of Diversity Outbred,JR009376,JAXST00007
JAXMM00243,JMUS243,DO212,N/A,10/15/2014,JAXDI00001,11/19/2014,JAXDR00002,N/A,male,Sample sent from Keller Attie as RNA,NULL,RNA-Seq of Diversity Outbred,JR009376,JAXST00007
JAXMM00244,JMUS244,DO213,N/A,10/15/2014,JAXDI00001,11/19/2014,JAXDR00002,N/A,male,Sample sent from Keller Attie as RNA,NULL,RNA-Seq of Diversity Outbred,JR009376,JAXST00007
JAXMM00245,JMUS245,DO214,N/A,10/15/2014,JAXDI00001,11/19/2014,JAXDR00002,N/A,male,Sample sent from Keller Attie as RNA,NULL,RNA-Seq of Diversity Outbred,JR009376,JAXST00007
JAXMM00246,JMUS246,DO215,N/A,10/15/2014,JAXDI00001,11/19/2014,JAXDR00002,N/A,male,Sample sent from Keller Attie as RNA,NULL,RNA-Seq of Diversity Outbred,JR009376,JAXST00007
JAXMM00247,JMUS247,DO216,N/A,10/15/2014,JAXDI00001,11/19/2014,JAXDR00002,N/A,male,Sample sent from Keller Attie as RNA,NULL,RNA-Seq of Diversity Outbred,JR009376,JAXST00007
JAXMM00248,JMUS248,DO217,N/A,10/15/2014,JAXDI00001,11/19/2014,JAXDR00002,N/A,male,Sample sent from Keller Attie as RNA,NULL,RNA-Seq of Diversity Outbred,JR009376,JAXST00007
JAXMM00249,JMUS249,DO218,N/A,10/15/2014,JAXDI00001,11/19/2014,JAXDR00002,N/A,male,Sample sent from Keller Attie as RNA,NULL,RNA-Seq of Diversity Outbred,JR009376,JAXST00007
JAXMM00250,JMUS250,DO219,N/A,10/15/2014,JAXDI00001,11/19/2014,JAXDR00002,N/A,male,Sample sent from Keller Attie as RNA,NULL,RNA-Seq of Diversity Outbred,JR009376,JAXST00007
JAXMM00251,JMUS251,DO220,N/A,10/15/2014,JAXDI00001,11/19/2014,JAXDR00002,N/A,male,Sample sent from Keller Attie as RNA,NULL,RNA-Seq of Diversity Outbred,JR009376,JAXST00007
JAXMM00252,JMUS252,DO221,N/A,2/25/2015,JAXDI00001,3/30/2015,JAXDR00002,N/A,female,Sample sent from Keller Attie as RNA,NULL,RNA-Seq of Diversity Outbred,JR009376,JAXST00007
JAXMM00253,JMUS253,DO222,N/A,2/25/2015,JAXDI00001,3/30/2015,JAXDR00002,N/A,female,Sample sent from Keller Attie as RNA,NULL,RNA-Seq of Diversity Outbred,JR009376,JAXST00007
JAXMM00254,JMUS254,DO223,N/A,2/25/2015,JAXDI00001,3/30/2015,JAXDR00002,N/A,female,Sample sent from Keller Attie as RNA,NULL,RNA-Seq of Diversity Outbred,JR009376,JAXST00007
JAXMM00255,JMUS255,DO224,N/A,2/25/2015,JAXDI00001,3/30/2015,JAXDR00002,N/A,female,Sample sent from Keller Attie as RNA,NULL,RNA-Seq of Diversity Outbred,JR009376,JAXST00007
JAXMM00256,JMUS256,DO225,N/A,2/25/2015,JAXDI00001,3/30/2015,JAXDR00002,N/A,female,Sample sent from Keller Attie as RNA,NULL,RNA-Seq of Diversity Outbred,JR009376,JAXST00007
JAXMM00257,JMUS257,DO226,N/A,2/25/2015,JAXDI00001,3/30/2015,JAXDR00002,N/A,female,Sample sent from Keller Attie as RNA,NULL,RNA-Seq of Diversity Outbred,JR009376,JAXST00007
JAXMM00258,JMUS258,DO227,N/A,2/25/2015,JAXDI00001,3/30/2015,JAXDR00002,N/A,female,Sample sent from Keller Attie as RNA,NULL,RNA-Seq of Diversity Outbred,JR009376,JAXST00007
JAXMM00259,JMUS259,DO228,N/A,2/25/2015,JAXDI00001,3/30/2015,JAXDR00002,N/A,female,Sample sent from Keller Attie as RNA,NULL,RNA-Seq of Diversity Outbred,JR009376,JAXST00007
JAXMM00260,JMUS260,DO229,N/A,2/25/2015,JAXDI00001,3/30/2015,JAXDR00002,N/A,female,Sample sent from Keller Attie as RNA,NULL,RNA-Seq of Diversity Outbred,JR009376,JAXST00007
JAXMM00261,JMUS261,DO230,N/A,2/25/2015,JAXDI00001,3/30/2015,JAXDR00002,N/A,female,Sample sent from Keller Attie as RNA,NULL,RNA-Seq of Diversity Outbred,JR009376,JAXST00007
JAXMM00262,JMUS262,DO231,N/A,2/25/2015,JAXDI00001,3/30/2015,JAXDR00002,N/A,female,Sample sent from Keller Attie as RNA,NULL,RNA-Seq of Diversity Outbred,JR009376,JAXST00007
JAXMM00263,JMUS263,DO232,N/A,2/25/2015,JAXDI00001,3/30/2015,JAXDR00002,N/A,female,Sample sent from Keller Attie as RNA,NULL,RNA-Seq of Diversity Outbred,JR009376,JAXST00007
JAXMM00264,JMUS264,DO233,N/A,2/25/2015,JAXDI00001,3/30/2015,JAXDR00002,N/A,female,Sample sent from Keller Attie as RNA,NULL,RNA-Seq of Diversity Outbred,JR009376,JAXST00007
JAXMM00265,JMUS265,DO234,N/A,2/25/2015,JAXDI00001,3/30/2015,JAXDR00002,N/A,female,Sample sent from Keller Attie as RNA,NULL,RNA-Seq of Diversity Outbred,JR009376,JAXST00007
JAXMM00266,JMUS266,DO235,N/A,2/25/2015,JAXDI00001,3/30/2015,JAXDR00002,N/A,female,Sample sent from Keller Attie as RNA,NULL,RNA-Seq of Diversity Outbred,JR009376,JAXST00007
JAXMM00267,JMUS267,DO236,N/A,2/25/2015,JAXDI00001,3/30/2015,JAXDR00002,N/A,female,Sample sent from Keller Attie as RNA,NULL,RNA-Seq of Diversity Outbred,JR009376,JAXST00007
JAXMM00268,JMUS268,DO237,N/A,2/25/2015,JAXDI00001,3/30/2015,JAXDR00002,N/A,female,Sample sent from Keller Attie as RNA,NULL,RNA-Seq of Diversity Outbred,JR009376,JAXST00007
JAXMM00269,JMUS269,DO238,N/A,2/25/2015,JAXDI00001,3/30/2015,JAXDR00002,N/A,female,Sample sent from Keller Attie as RNA,NULL,RNA-Seq of Diversity Outbred,JR009376,JAXST00007
JAXMM00270,JMUS270,DO239,N/A,2/25/2015,JAXDI00001,3/30/2015,JAXDR00002,N/A,female,Sample sent from Keller Attie as RNA,NULL,RNA-Seq of Diversity Outbred,JR009376,JAXST00007
JAXMM00271,JMUS271,DO240,N/A,2/25/2015,JAXDI00001,3/30/2015,JAXDR00002,N/A,female,Sample sent from Keller Attie as RNA,NULL,RNA-Seq of Diversity Outbred,JR009376,JAXST00007
JAXMM00272,JMUS272,DO241,N/A,2/25/2015,JAXDI00001,3/30/2015,JAXDR00002,N/A,female,Sample sent from Keller Attie as RNA,NULL,RNA-Seq of Diversity Outbred,JR009376,JAXST00007
JAXMM00273,JMUS273,DO242,N/A,2/25/2015,JAXDI00001,3/30/2015,JAXDR00002,N/A,female,Sample sent from Keller Attie as RNA,NULL,RNA-Seq of Diversity Outbred,JR009376,JAXST00007
JAXMM00274,JMUS274,DO243,N/A,2/25/2015,JAXDI00001,3/30/2015,JAXDR00002,N/A,female,Sample sent from Keller Attie as RNA,NULL,RNA-Seq of Diversity Outbred,JR009376,JAXST00007
JAXMM00275,JMUS275,DO244,N/A,2/25/2015,JAXDI00001,3/30/2015,JAXDR00002,N/A,female,Sample sent from Keller Attie as RNA,NULL,RNA-Seq of Diversity Outbred,JR009376,JAXST00007
JAXMM00276,JMUS276,DO245,N/A,2/25/2015,JAXDI00001,3/30/2015,JAXDR00002,N/A,female,Sample sent from Keller Attie as RNA,NULL,RNA-Seq of Diversity Outbred,JR009376,JAXST00007
JAXMM00277,JMUS277,DO246,N/A,2/25/2015,JAXDI00001,3/30/2015,JAXDR00002,N/A,female,Sample sent from Keller Attie as RNA,NULL,RNA-Seq of Diversity Outbred,JR009376,JAXST00007
JAXMM00278,JMUS278,DO247,N/A,2/25/2015,JAXDI00001,3/30/2015,JAXDR00002,N/A,female,Sample sent from Keller Attie as RNA,NULL,RNA-Seq of Diversity Outbred,JR009376,JAXST00007
JAXMM00279,JMUS279,DO248,N/A,2/25/2015,JAXDI00001,3/30/2015,JAXDR00002,N/A,female,Sample sent from Keller Attie as RNA,NULL,RNA-Seq of Diversity Outbred,JR009376,JAXST00007
JAXMM00280,JMUS280,DO249,N/A,2/25/2015,JAXDI00001,3/30/2015,JAXDR00002,N/A,female,Sample sent from Keller Attie as RNA,NULL,RNA-Seq of Diversity Outbred,JR009376,JAXST00007
JAXMM00281,JMUS281,DO250,N/A,2/25/2015,JAXDI00001,3/30/2015,JAXDR00002,N/A,female,Sample sent from Keller Attie as RNA,NULL,RNA-Seq of Diversity Outbred,JR009376,JAXST00007
JAXMM00282,JMUS282,DO251,N/A,2/25/2015,JAXDI00001,3/30/2015,JAXDR00002,N/A,female,Sample sent from Keller Attie as RNA,NULL,RNA-Seq of Diversity Outbred,JR009376,JAXST00007
JAXMM00283,JMUS283,DO252,N/A,2/25/2015,JAXDI00001,3/30/2015,JAXDR00002,N/A,female,Sample sent from Keller Attie as RNA,NULL,RNA-Seq of Diversity Outbred,JR009376,JAXST00007
JAXMM00284,JMUS284,DO253,N/A,2/25/2015,JAXDI00001,3/30/2015,JAXDR00002,N/A,female,Sample sent from Keller Attie as RNA,NULL,RNA-Seq of Diversity Outbred,JR009376,JAXST00007
JAXMM00285,JMUS285,DO254,N/A,2/25/2015,JAXDI00001,3/30/2015,JAXDR00002,N/A,female,Sample sent from Keller Attie as RNA,NULL,RNA-Seq of Diversity Outbred,JR009376,JAXST00007
JAXMM00286,JMUS286,DO255,N/A,2/25/2015,JAXDI00001,3/30/2015,JAXDR00002,N/A,female,Sample sent from Keller Attie as RNA,NULL,RNA-Seq of Diversity Outbred,JR009376,JAXST00007
JAXMM00287,JMUS287,DO256,N/A,2/25/2015,JAXDI00001,3/30/2015,JAXDR00002,N/A,female,Sample sent from Keller Attie as RNA,NULL,RNA-Seq of Diversity Outbred,JR009376,JAXST00007
JAXMM00288,JMUS288,DO257,N/A,2/25/2015,JAXDI00001,3/30/2015,JAXDR00002,N/A,female,Sample sent from Keller Attie as RNA,NULL,RNA-Seq of Diversity Outbred,JR009376,JAXST00007
JAXMM00289,JMUS289,DO258,N/A,2/25/2015,JAXDI00001,3/30/2015,JAXDR00002,N/A,female,Sample sent from Keller Attie as RNA,NULL,RNA-Seq of Diversity Outbred,JR009376,JAXST00007
JAXMM00290,JMUS290,DO259,N/A,2/25/2015,JAXDI00001,3/30/2015,JAXDR00002,N/A,female,Sample sent from Keller Attie as RNA,NULL,RNA-Seq of Diversity Outbred,JR009376,JAXST00007
JAXMM00291,JMUS291,DO260,N/A,2/25/2015,JAXDI00001,3/30/2015,JAXDR00002,N/A,female,Sample sent from Keller Attie as RNA,NULL,RNA-Seq of Diversity Outbred,JR009376,JAXST00007
JAXMM00292,JMUS292,DO261,N/A,2/25/2015,JAXDI00001,3/30/2015,JAXDR00002,N/A,female,Sample sent from Keller Attie as RNA,NULL,RNA-Seq of Diversity Outbred,JR009376,JAXST00007
JAXMM00293,JMUS293,DO262,N/A,2/25/2015,JAXDI00001,3/30/2015,JAXDR00002,N/A,female,Sample sent from Keller Attie as RNA,NULL,RNA-Seq of Diversity Outbred,JR009376,JAXST00007
JAXMM00294,JMUS294,DO263,N/A,2/25/2015,JAXDI00001,3/30/2015,JAXDR00002,N/A,female,Sample sent from Keller Attie as RNA,NULL,RNA-Seq of Diversity Outbred,JR009376,JAXST00007
JAXMM00295,JMUS295,DO264,N/A,2/25/2015,JAXDI00001,3/30/2015,JAXDR00002,N/A,female,Sample sent from Keller Attie as RNA,NULL,RNA-Seq of Diversity Outbred,JR009376,JAXST00007
JAXMM00296,JMUS296,DO265,N/A,2/25/2015,JAXDI00001,3/30/2015,JAXDR00002,N/A,female,Sample sent from Keller Attie as RNA,NULL,RNA-Seq of Diversity Outbred,JR009376,JAXST00007
JAXMM00297,JMUS297,DO266,N/A,2/25/2015,JAXDI00001,3/30/2015,JAXDR00002,N/A,female,Sample sent from Keller Attie as RNA,NULL,RNA-Seq of Diversity Outbred,JR009376,JAXST00007
JAXMM00298,JMUS298,DO267,N/A,2/25/2015,JAXDI00001,3/30/2015,JAXDR00002,N/A,female,Sample sent from Keller Attie as RNA,NULL,RNA-Seq of Diversity Outbred,JR009376,JAXST00007
JAXMM00299,JMUS299,DO268,N/A,2/25/2015,JAXDI00001,3/30/2015,JAXDR00002,N/A,female,Sample sent from Keller Attie as RNA,NULL,RNA-Seq of Diversity Outbred,JR009376,JAXST00007
JAXMM00300,JMUS300,DO269,N/A,2/25/2015,JAXDI00001,3/30/2015,JAXDR00002,N/A,female,Sample sent from Keller Attie as RNA,NULL,RNA-Seq of Diversity Outbred,JR009376,JAXST00007
JAXMM00301,JMUS301,DO270,N/A,2/25/2015,JAXDI00001,3/30/2015,JAXDR00002,N/A,female,Sample sent from Keller Attie as RNA,NULL,RNA-Seq of Diversity Outbred,JR009376,JAXST00007
JAXMM00302,JMUS302,DO271,N/A,2/25/2015,JAXDI00001,3/30/2015,JAXDR00002,N/A,male,Sample sent from Keller Attie as RNA,NULL,RNA-Seq of Diversity Outbred,JR009376,JAXST00007
JAXMM00303,JMUS303,DO272,N/A,2/25/2015,JAXDI00001,3/30/2015,JAXDR00002,N/A,male,Sample sent from Keller Attie as RNA,NULL,RNA-Seq of Diversity Outbred,JR009376,JAXST00007
JAXMM00304,JMUS304,DO273,N/A,2/25/2015,JAXDI00001,3/30/2015,JAXDR00002,N/A,male,Sample sent from Keller Attie as RNA,NULL,RNA-Seq of Diversity Outbred,JR009376,JAXST00007
JAXMM00305,JMUS305,DO274,N/A,2/25/2015,JAXDI00001,3/30/2015,JAXDR00002,N/A,male,Sample sent from Keller Attie as RNA,NULL,RNA-Seq of Diversity Outbred,JR009376,JAXST00007
JAXMM00306,JMUS306,DO275,N/A,2/25/2015,JAXDI00001,3/30/2015,JAXDR00002,N/A,male,Sample sent from Keller Attie as RNA,NULL,RNA-Seq of Diversity Outbred,JR009376,JAXST00007
JAXMM00307,JMUS307,DO276,N/A,2/25/2015,JAXDI00001,3/30/2015,JAXDR00002,N/A,male,Sample sent from Keller Attie as RNA,NULL,RNA-Seq of Diversity Outbred,JR009376,JAXST00007
JAXMM00308,JMUS308,DO277,N/A,2/25/2015,JAXDI00001,3/30/2015,JAXDR00002,N/A,male,Sample sent from Keller Attie as RNA,NULL,RNA-Seq of Diversity Outbred,JR009376,JAXST00007
JAXMM00309,JMUS309,DO278,N/A,2/25/2015,JAXDI00001,3/30/2015,JAXDR00002,N/A,male,Sample sent from Keller Attie as RNA,NULL,RNA-Seq of Diversity Outbred,JR009376,JAXST00007
JAXMM00310,JMUS310,DO279,N/A,2/25/2015,JAXDI00001,3/30/2015,JAXDR00002,N/A,male,Sample sent from Keller Attie as RNA,NULL,RNA-Seq of Diversity Outbred,JR009376,JAXST00007
JAXMM00311,JMUS311,DO280,N/A,2/25/2015,JAXDI00001,3/30/2015,JAXDR00002,N/A,male,Sample sent from Keller Attie as RNA,NULL,RNA-Seq of Diversity Outbred,JR009376,JAXST00007
JAXMM00312,JMUS312,DO281,N/A,2/25/2015,JAXDI00001,3/30/2015,JAXDR00002,N/A,male,Sample sent from Keller Attie as RNA,NULL,RNA-Seq of Diversity Outbred,JR009376,JAXST00007
JAXMM00313,JMUS313,DO282,N/A,2/25/2015,JAXDI00001,3/30/2015,JAXDR00002,N/A,male,Sample sent from Keller Attie as RNA,NULL,RNA-Seq of Diversity Outbred,JR009376,JAXST00007
JAXMM00314,JMUS314,DO283,N/A,2/25/2015,JAXDI00001,3/30/2015,JAXDR00002,N/A,male,Sample sent from Keller Attie as RNA,NULL,RNA-Seq of Diversity Outbred,JR009376,JAXST00007
JAXMM00315,JMUS315,DO284,N/A,2/25/2015,JAXDI00001,3/30/2015,JAXDR00002,N/A,male,Sample sent from Keller Attie as RNA,NULL,RNA-Seq of Diversity Outbred,JR009376,JAXST00007
JAXMM00316,JMUS316,DO285,N/A,2/25/2015,JAXDI00001,3/30/2015,JAXDR00002,N/A,male,Sample sent from Keller Attie as RNA,NULL,RNA-Seq of Diversity Outbred,JR009376,JAXST00007
JAXMM00317,JMUS317,DO286,N/A,2/25/2015,JAXDI00001,3/30/2015,JAXDR00002,N/A,male,Sample sent from Keller Attie as RNA,NULL,RNA-Seq of Diversity Outbred,JR009376,JAXST00007
JAXMM00318,JMUS318,DO287,N/A,2/25/2015,JAXDI00001,3/30/2015,JAXDR00002,N/A,male,Sample sent from Keller Attie as RNA,NULL,RNA-Seq of Diversity Outbred,JR009376,JAXST00007
JAXMM00319,JMUS319,DO288,N/A,2/25/2015,JAXDI00001,3/30/2015,JAXDR00002,N/A,male,Sample sent from Keller Attie as RNA,NULL,RNA-Seq of Diversity Outbred,JR009376,JAXST00007
JAXMM00320,JMUS320,DO289,N/A,2/25/2015,JAXDI00001,3/30/2015,JAXDR00002,N/A,male,Sample sent from Keller Attie as RNA,NULL,RNA-Seq of Diversity Outbred,JR009376,JAXST00007
JAXMM00321,JMUS321,DO290,N/A,2/25/2015,JAXDI00001,3/30/2015,JAXDR00002,N/A,male,Sample sent from Keller Attie as RNA,NULL,RNA-Seq of Diversity Outbred,JR009376,JAXST00007
JAXMM00322,JMUS322,DO291,N/A,2/25/2015,JAXDI00001,3/30/2015,JAXDR00002,N/A,male,Sample sent from Keller Attie as RNA,NULL,RNA-Seq of Diversity Outbred,JR009376,JAXST00007
JAXMM00323,JMUS323,DO292,N/A,2/25/2015,JAXDI00001,3/30/2015,JAXDR00002,N/A,male,Sample sent from Keller Attie as RNA,NULL,RNA-Seq of Diversity Outbred,JR009376,JAXST00007
JAXMM00324,JMUS324,DO293,N/A,2/25/2015,JAXDI00001,3/30/2015,JAXDR00002,N/A,male,Sample sent from Keller Attie as RNA,NULL,RNA-Seq of Diversity Outbred,JR009376,JAXST00007
JAXMM00325,JMUS325,DO294,N/A,2/25/2015,JAXDI00001,3/30/2015,JAXDR00002,N/A,male,Sample sent from Keller Attie as RNA,NULL,RNA-Seq of Diversity Outbred,JR009376,JAXST00007
JAXMM00326,JMUS326,DO295,N/A,2/25/2015,JAXDI00001,3/30/2015,JAXDR00002,N/A,male,Sample sent from Keller Attie as RNA,NULL,RNA-Seq of Diversity Outbred,JR009376,JAXST00007
JAXMM00327,JMUS327,DO296,N/A,2/25/2015,JAXDI00001,3/30/2015,JAXDR00002,N/A,male,Sample sent from Keller Attie as RNA,NULL,RNA-Seq of Diversity Outbred,JR009376,JAXST00007
JAXMM00328,JMUS328,DO297,N/A,2/25/2015,JAXDI00001,3/30/2015,JAXDR00002,N/A,male,Sample sent from Keller Attie as RNA,NULL,RNA-Seq of Diversity Outbred,JR009376,JAXST00007
JAXMM00329,JMUS329,DO298,N/A,2/25/2015,JAXDI00001,3/30/2015,JAXDR00002,N/A,male,Sample sent from Keller Attie as RNA,NULL,RNA-Seq of Diversity Outbred,JR009376,JAXST00007
JAXMM00330,JMUS330,DO299,N/A,2/25/2015,JAXDI00001,3/30/2015,JAXDR00002,N/A,male,Sample sent from Keller Attie as RNA,NULL,RNA-Seq of Diversity Outbred,JR009376,JAXST00007
JAXMM00331,JMUS331,DO300,N/A,2/25/2015,JAXDI00001,3/30/2015,JAXDR00002,N/A,male,Sample sent from Keller Attie as RNA,NULL,RNA-Seq of Diversity Outbred,JR009376,JAXST00007
JAXMM00332,JMUS332,DO301,N/A,2/25/2015,JAXDI00001,3/30/2015,JAXDR00002,N/A,male,Sample sent from Keller Attie as RNA,NULL,RNA-Seq of Diversity Outbred,JR009376,JAXST00007
JAXMM00333,JMUS333,DO302,N/A,2/25/2015,JAXDI00001,3/30/2015,JAXDR00002,N/A,male,Sample sent from Keller Attie as RNA,NULL,RNA-Seq of Diversity Outbred,JR009376,JAXST00007
JAXMM00334,JMUS334,DO303,N/A,2/25/2015,JAXDI00001,3/30/2015,JAXDR00002,N/A,male,Sample sent from Keller Attie as RNA,NULL,RNA-Seq of Diversity Outbred,JR009376,JAXST00007
JAXMM00335,JMUS335,DO304,N/A,2/25/2015,JAXDI00001,3/30/2015,JAXDR00002,N/A,male,Sample sent from Keller Attie as RNA,NULL,RNA-Seq of Diversity Outbred,JR009376,JAXST00007
JAXMM00336,JMUS336,DO305,N/A,2/25/2015,JAXDI00001,3/30/2015,JAXDR00002,N/A,male,Sample sent from Keller Attie as RNA,NULL,RNA-Seq of Diversity Outbred,JR009376,JAXST00007
JAXMM00337,JMUS337,DO306,N/A,2/25/2015,JAXDI00001,3/30/2015,JAXDR00002,N/A,male,Sample sent from Keller Attie as RNA,NULL,RNA-Seq of Diversity Outbred,JR009376,JAXST00007
JAXMM00338,JMUS338,DO307,N/A,2/25/2015,JAXDI00001,3/30/2015,JAXDR00002,N/A,male,Sample sent from Keller Attie as RNA,NULL,RNA-Seq of Diversity Outbred,JR009376,JAXST00007
JAXMM00339,JMUS339,DO308,N/A,2/25/2015,JAXDI00001,3/30/2015,JAXDR00002,N/A,male,Sample sent from Keller Attie as RNA,NULL,RNA-Seq of Diversity Outbred,JR009376,JAXST00007
JAXMM00340,JMUS340,DO309,N/A,2/25/2015,JAXDI00001,3/30/2015,JAXDR00002,N/A,male,Sample sent from Keller Attie as RNA,NULL,RNA-Seq of Diversity Outbred,JR009376,JAXST00007
JAXMM00341,JMUS341,DO310,N/A,2/25/2015,JAXDI00001,3/30/2015,JAXDR00002,N/A,male,Sample sent from Keller Attie as RNA,NULL,RNA-Seq of Diversity Outbred,JR009376,JAXST00007
JAXMM00342,JMUS342,DO311,N/A,2/25/2015,JAXDI00001,3/30/2015,JAXDR00002,N/A,male,Sample sent from Keller Attie as RNA,NULL,RNA-Seq of Diversity Outbred,JR009376,JAXST00007
JAXMM00343,JMUS343,DO312,N/A,2/25/2015,JAXDI00001,3/30/2015,JAXDR00002,N/A,male,Sample sent from Keller Attie as RNA,NULL,RNA-Seq of Diversity Outbred,JR009376,JAXST00007
JAXMM00344,JMUS344,DO313,N/A,2/25/2015,JAXDI00001,3/30/2015,JAXDR00002,N/A,male,Sample sent from Keller Attie as RNA,NULL,RNA-Seq of Diversity Outbred,JR009376,JAXST00007
JAXMM00345,JMUS345,DO314,N/A,2/25/2015,JAXDI00001,3/30/2015,JAXDR00002,N/A,male,Sample sent from Keller Attie as RNA,NULL,RNA-Seq of Diversity Outbred,JR009376,JAXST00007
JAXMM00346,JMUS346,DO315,N/A,2/25/2015,JAXDI00001,3/30/2015,JAXDR00002,N/A,male,Sample sent from Keller Attie as RNA,NULL,RNA-Seq of Diversity Outbred,JR009376,JAXST00007
JAXMM00347,JMUS347,DO316,N/A,2/25/2015,JAXDI00001,3/30/2015,JAXDR00002,N/A,male,Sample sent from Keller Attie as RNA,NULL,RNA-Seq of Diversity Outbred,JR009376,JAXST00007
JAXMM00348,JMUS348,DO317,N/A,2/25/2015,JAXDI00001,3/30/2015,JAXDR00002,N/A,male,Sample sent from Keller Attie as RNA,NULL,RNA-Seq of Diversity Outbred,JR009376,JAXST00007
JAXMM00349,JMUS349,DO318,N/A,2/25/2015,JAXDI00001,3/30/2015,JAXDR00002,N/A,male,Sample sent from Keller Attie as RNA,NULL,RNA-Seq of Diversity Outbred,JR009376,JAXST00007
JAXMM00350,JMUS350,DO319,N/A,2/25/2015,JAXDI00001,3/30/2015,JAXDR00002,N/A,male,Sample sent from Keller Attie as RNA,NULL,RNA-Seq of Diversity Outbred,JR009376,JAXST00007
JAXMM00351,JMUS351,DO320,N/A,2/25/2015,JAXDI00001,3/30/2015,JAXDR00002,N/A,male,Sample sent from Keller Attie as RNA,NULL,RNA-Seq of Diversity Outbred,JR009376,JAXST00007
JAXMM00352,JMUS352,DO321,N/A,9/22/2015,JAXDI00001,10/26/2015,JAXDR00002,N/A,female,Sample sent from Keller Attie as RNA,NULL,RNA-Seq of Diversity Outbred,JR009376,JAXST00007
JAXMM00353,JMUS353,DO322,N/A,9/22/2015,JAXDI00001,10/26/2015,JAXDR00002,N/A,female,Sample sent from Keller Attie as RNA,NULL,RNA-Seq of Diversity Outbred,JR009376,JAXST00007
JAXMM00354,JMUS354,DO323,N/A,9/22/2015,JAXDI00001,10/26/2015,JAXDR00002,N/A,female,Sample sent from Keller Attie as RNA,NULL,RNA-Seq of Diversity Outbred,JR009376,JAXST00007
JAXMM00355,JMUS355,DO324,N/A,9/22/2015,JAXDI00001,10/26/2015,JAXDR00002,N/A,female,Sample sent from Keller Attie as RNA,NULL,RNA-Seq of Diversity Outbred,JR009376,JAXST00007
JAXMM00356,JMUS356,DO325,N/A,9/22/2015,JAXDI00001,10/26/2015,JAXDR00002,N/A,female,Sample sent from Keller Attie as RNA,NULL,RNA-Seq of Diversity Outbred,JR009376,JAXST00007
JAXMM00357,JMUS357,DO326,N/A,9/22/2015,JAXDI00001,10/26/2015,JAXDR00002,N/A,female,Sample sent from Keller Attie as RNA,NULL,RNA-Seq of Diversity Outbred,JR009376,JAXST00007
JAXMM00358,JMUS358,DO327,N/A,9/22/2015,JAXDI00001,10/26/2015,JAXDR00002,N/A,female,Sample sent from Keller Attie as RNA,NULL,RNA-Seq of Diversity Outbred,JR009376,JAXST00007
JAXMM00359,JMUS359,DO328,N/A,9/22/2015,JAXDI00001,10/26/2015,JAXDR00002,N/A,female,Sample sent from Keller Attie as RNA,NULL,RNA-Seq of Diversity Outbred,JR009376,JAXST00007
JAXMM00360,JMUS360,DO329,N/A,9/22/2015,JAXDI00001,10/26/2015,JAXDR00002,N/A,female,Sample sent from Keller Attie as RNA,NULL,RNA-Seq of Diversity Outbred,JR009376,JAXST00007
JAXMM00361,JMUS361,DO330,N/A,9/22/2015,JAXDI00001,10/26/2015,JAXDR00002,N/A,female,Sample sent from Keller Attie as RNA,NULL,RNA-Seq of Diversity Outbred,JR009376,JAXST00007
JAXMM00362,JMUS362,DO331,N/A,9/22/2015,JAXDI00001,10/26/2015,JAXDR00002,N/A,female,Sample sent from Keller Attie as RNA,NULL,RNA-Seq of Diversity Outbred,JR009376,JAXST00007
JAXMM00363,JMUS363,DO332,N/A,9/22/2015,JAXDI00001,10/26/2015,JAXDR00002,N/A,female,Sample sent from Keller Attie as RNA,NULL,RNA-Seq of Diversity Outbred,JR009376,JAXST00007
JAXMM00364,JMUS364,DO333,N/A,9/22/2015,JAXDI00001,10/26/2015,JAXDR00002,N/A,female,Sample sent from Keller Attie as RNA,NULL,RNA-Seq of Diversity Outbred,JR009376,JAXST00007
JAXMM00365,JMUS365,DO335,N/A,9/22/2015,JAXDI00001,10/26/2015,JAXDR00002,N/A,female,Sample sent from Keller Attie as RNA,NULL,RNA-Seq of Diversity Outbred,JR009376,JAXST00007
JAXMM00366,JMUS366,DO336,N/A,9/22/2015,JAXDI00001,10/26/2015,JAXDR00002,N/A,female,Sample sent from Keller Attie as RNA,NULL,RNA-Seq of Diversity Outbred,JR009376,JAXST00007
JAXMM00367,JMUS367,DO337,N/A,9/22/2015,JAXDI00001,10/26/2015,JAXDR00002,N/A,female,Sample sent from Keller Attie as RNA,NULL,RNA-Seq of Diversity Outbred,JR009376,JAXST00007
JAXMM00368,JMUS368,DO338,N/A,9/22/2015,JAXDI00001,10/26/2015,JAXDR00002,N/A,female,Sample sent from Keller Attie as RNA,NULL,RNA-Seq of Diversity Outbred,JR009376,JAXST00007
JAXMM00369,JMUS369,DO339,N/A,9/22/2015,JAXDI00001,10/26/2015,JAXDR00002,N/A,female,Sample sent from Keller Attie as RNA,NULL,RNA-Seq of Diversity Outbred,JR009376,JAXST00007
JAXMM00370,JMUS370,DO340,N/A,9/22/2015,JAXDI00001,10/26/2015,JAXDR00002,N/A,female,Sample sent from Keller Attie as RNA,NULL,RNA-Seq of Diversity Outbred,JR009376,JAXST00007
JAXMM00371,JMUS371,DO342,N/A,9/22/2015,JAXDI00001,10/26/2015,JAXDR00002,N/A,female,Sample sent from Keller Attie as RNA,NULL,RNA-Seq of Diversity Outbred,JR009376,JAXST00007
JAXMM00372,JMUS372,DO343,N/A,9/22/2015,JAXDI00001,10/26/2015,JAXDR00002,N/A,female,Sample sent from Keller Attie as RNA,NULL,RNA-Seq of Diversity Outbred,JR009376,JAXST00007
JAXMM00373,JMUS373,DO344,N/A,9/22/2015,JAXDI00001,10/26/2015,JAXDR00002,N/A,female,Sample sent from Keller Attie as RNA,NULL,RNA-Seq of Diversity Outbred,JR009376,JAXST00007
JAXMM00374,JMUS374,DO345,N/A,9/22/2015,JAXDI00001,10/26/2015,JAXDR00002,N/A,female,Sample sent from Keller Attie as RNA,NULL,RNA-Seq of Diversity Outbred,JR009376,JAXST00007
JAXMM00375,JMUS375,DO346,N/A,9/22/2015,JAXDI00001,10/26/2015,JAXDR00002,N/A,female,Sample sent from Keller Attie as RNA,NULL,RNA-Seq of Diversity Outbred,JR009376,JAXST00007
JAXMM00376,JMUS376,DO347,N/A,9/22/2015,JAXDI00001,10/26/2015,JAXDR00002,N/A,female,Sample sent from Keller Attie as RNA,NULL,RNA-Seq of Diversity Outbred,JR009376,JAXST00007
JAXMM00377,JMUS377,DO348,N/A,9/22/2015,JAXDI00001,10/26/2015,JAXDR00002,N/A,female,Sample sent from Keller Attie as RNA,NULL,RNA-Seq of Diversity Outbred,JR009376,JAXST00007
JAXMM00378,JMUS378,DO349,N/A,9/22/2015,JAXDI00001,10/26/2015,JAXDR00002,N/A,female,Sample sent from Keller Attie as RNA,NULL,RNA-Seq of Diversity Outbred,JR009376,JAXST00007
JAXMM00379,JMUS379,DO350,N/A,9/22/2015,JAXDI00001,10/26/2015,JAXDR00002,N/A,female,Sample sent from Keller Attie as RNA,NULL,RNA-Seq of Diversity Outbred,JR009376,JAXST00007
JAXMM00380,JMUS380,DO352,N/A,9/22/2015,JAXDI00001,10/26/2015,JAXDR00002,N/A,female,Sample sent from Keller Attie as RNA,NULL,RNA-Seq of Diversity Outbred,JR009376,JAXST00007
JAXMM00381,JMUS381,DO353,N/A,9/22/2015,JAXDI00001,10/26/2015,JAXDR00002,N/A,female,Sample sent from Keller Attie as RNA,NULL,RNA-Seq of Diversity Outbred,JR009376,JAXST00007
JAXMM00382,JMUS382,DO354,N/A,9/22/2015,JAXDI00001,10/26/2015,JAXDR00002,N/A,female,Sample sent from Keller Attie as RNA,NULL,RNA-Seq of Diversity Outbred,JR009376,JAXST00007
JAXMM00383,JMUS383,DO355,N/A,9/22/2015,JAXDI00001,10/26/2015,JAXDR00002,N/A,female,Sample sent from Keller Attie as RNA,NULL,RNA-Seq of Diversity Outbred,JR009376,JAXST00007
JAXMM00384,JMUS384,DO356,N/A,9/22/2015,JAXDI00001,10/26/2015,JAXDR00002,N/A,female,Sample sent from Keller Attie as RNA,NULL,RNA-Seq of Diversity Outbred,JR009376,JAXST00007
JAXMM00385,JMUS385,DO357,N/A,9/22/2015,JAXDI00001,10/26/2015,JAXDR00002,N/A,female,Sample sent from Keller Attie as RNA,NULL,RNA-Seq of Diversity Outbred,JR009376,JAXST00007
JAXMM00386,JMUS386,DO358,N/A,9/22/2015,JAXDI00001,10/26/2015,JAXDR00002,N/A,female,Sample sent from Keller Attie as RNA,NULL,RNA-Seq of Diversity Outbred,JR009376,JAXST00007
JAXMM00387,JMUS387,DO359,N/A,9/22/2015,JAXDI00001,10/26/2015,JAXDR00002,N/A,female,Sample sent from Keller Attie as RNA,NULL,RNA-Seq of Diversity Outbred,JR009376,JAXST00007
JAXMM00388,JMUS388,DO360,N/A,9/22/2015,JAXDI00001,10/26/2015,JAXDR00002,N/A,female,Sample sent from Keller Attie as RNA,NULL,RNA-Seq of Diversity Outbred,JR009376,JAXST00007
JAXMM00389,JMUS389,DO361,N/A,9/22/2015,JAXDI00001,10/26/2015,JAXDR00002,N/A,female,Sample sent from Keller Attie as RNA,NULL,RNA-Seq of Diversity Outbred,JR009376,JAXST00007
JAXMM00390,JMUS390,DO362,N/A,9/22/2015,JAXDI00001,10/26/2015,JAXDR00002,N/A,female,Sample sent from Keller Attie as RNA,NULL,RNA-Seq of Diversity Outbred,JR009376,JAXST00007
JAXMM00391,JMUS391,DO363,N/A,9/22/2015,JAXDI00001,10/26/2015,JAXDR00002,N/A,female,Sample sent from Keller Attie as RNA,NULL,RNA-Seq of Diversity Outbred,JR009376,JAXST00007
JAXMM00392,JMUS392,DO364,N/A,9/22/2015,JAXDI00001,10/26/2015,JAXDR00002,N/A,female,Sample sent from Keller Attie as RNA,NULL,RNA-Seq of Diversity Outbred,JR009376,JAXST00007
JAXMM00393,JMUS393,DO365,N/A,9/22/2015,JAXDI00001,10/26/2015,JAXDR00002,N/A,female,Sample sent from Keller Attie as RNA,NULL,RNA-Seq of Diversity Outbred,JR009376,JAXST00007
JAXMM00394,JMUS394,DO366,N/A,9/22/2015,JAXDI00001,10/26/2015,JAXDR00002,N/A,female,Sample sent from Keller Attie as RNA,NULL,RNA-Seq of Diversity Outbred,JR009376,JAXST00007
JAXMM00395,JMUS395,DO367,N/A,9/22/2015,JAXDI00001,10/26/2015,JAXDR00002,N/A,female,Sample sent from Keller Attie as RNA,NULL,RNA-Seq of Diversity Outbred,JR009376,JAXST00007
JAXMM00396,JMUS396,DO368,N/A,9/22/2015,JAXDI00001,10/26/2015,JAXDR00002,N/A,female,Sample sent from Keller Attie as RNA,NULL,RNA-Seq of Diversity Outbred,JR009376,JAXST00007
JAXMM00397,JMUS397,DO369,N/A,9/22/2015,JAXDI00001,10/26/2015,JAXDR00002,N/A,female,Sample sent from Keller Attie as RNA,NULL,RNA-Seq of Diversity Outbred,JR009376,JAXST00007
JAXMM00398,JMUS398,DO370,N/A,9/22/2015,JAXDI00001,10/26/2015,JAXDR00002,N/A,female,Sample sent from Keller Attie as RNA,NULL,RNA-Seq of Diversity Outbred,JR009376,JAXST00007
JAXMM00399,JMUS399,DO371,N/A,9/22/2015,JAXDI00001,10/26/2015,JAXDR00002,N/A,male,Sample sent from Keller Attie as RNA,NULL,RNA-Seq of Diversity Outbred,JR009376,JAXST00007
JAXMM00400,JMUS400,DO372,N/A,9/22/2015,JAXDI00001,10/26/2015,JAXDR00002,N/A,male,Sample sent from Keller Attie as RNA,NULL,RNA-Seq of Diversity Outbred,JR009376,JAXST00007
JAXMM00401,JMUS401,DO373,N/A,9/22/2015,JAXDI00001,10/26/2015,JAXDR00002,N/A,male,Sample sent from Keller Attie as RNA,NULL,RNA-Seq of Diversity Outbred,JR009376,JAXST00007
JAXMM00402,JMUS402,DO374,N/A,9/22/2015,JAXDI00001,10/26/2015,JAXDR00002,N/A,male,Sample sent from Keller Attie as RNA,NULL,RNA-Seq of Diversity Outbred,JR009376,JAXST00007
JAXMM00403,JMUS403,DO375,N/A,9/22/2015,JAXDI00001,10/26/2015,JAXDR00002,N/A,male,Sample sent from Keller Attie as RNA,NULL,RNA-Seq of Diversity Outbred,JR009376,JAXST00007
JAXMM00404,JMUS404,DO376,N/A,9/22/2015,JAXDI00001,10/26/2015,JAXDR00002,N/A,male,Sample sent from Keller Attie as RNA,NULL,RNA-Seq of Diversity Outbred,JR009376,JAXST00007
JAXMM00405,JMUS405,DO377,N/A,9/22/2015,JAXDI00001,10/26/2015,JAXDR00002,N/A,male,Sample sent from Keller Attie as RNA,NULL,RNA-Seq of Diversity Outbred,JR009376,JAXST00007
JAXMM00406,JMUS406,DO378,N/A,9/22/2015,JAXDI00001,10/26/2015,JAXDR00002,N/A,male,Sample sent from Keller Attie as RNA,NULL,RNA-Seq of Diversity Outbred,JR009376,JAXST00007
JAXMM00407,JMUS407,DO379,N/A,9/22/2015,JAXDI00001,10/26/2015,JAXDR00002,N/A,male,Sample sent from Keller Attie as RNA,NULL,RNA-Seq of Diversity Outbred,JR009376,JAXST00007
JAXMM00408,JMUS408,DO380,N/A,9/22/2015,JAXDI00001,10/26/2015,JAXDR00002,N/A,male,Sample sent from Keller Attie as RNA,NULL,RNA-Seq of Diversity Outbred,JR009376,JAXST00007
JAXMM00409,JMUS409,DO381,N/A,9/22/2015,JAXDI00001,10/26/2015,JAXDR00002,N/A,male,Sample sent from Keller Attie as RNA,NULL,RNA-Seq of Diversity Outbred,JR009376,JAXST00007
JAXMM00410,JMUS410,DO382,N/A,9/22/2015,JAXDI00001,10/26/2015,JAXDR00002,N/A,male,Sample sent from Keller Attie as RNA,NULL,RNA-Seq of Diversity Outbred,JR009376,JAXST00007
JAXMM00411,JMUS411,DO383,N/A,9/22/2015,JAXDI00001,10/26/2015,JAXDR00002,N/A,male,Sample sent from Keller Attie as RNA,NULL,RNA-Seq of Diversity Outbred,JR009376,JAXST00007
JAXMM00412,JMUS412,DO384,N/A,9/22/2015,JAXDI00001,10/26/2015,JAXDR00002,N/A,male,Sample sent from Keller Attie as RNA,NULL,RNA-Seq of Diversity Outbred,JR009376,JAXST00007
JAXMM00413,JMUS413,DO385,N/A,9/22/2015,JAXDI00001,10/26/2015,JAXDR00002,N/A,male,Sample sent from Keller Attie as RNA,NULL,RNA-Seq of Diversity Outbred,JR009376,JAXST00007
JAXMM00414,JMUS414,DO386,N/A,9/22/2015,JAXDI00001,10/26/2015,JAXDR00002,N/A,male,Sample sent from Keller Attie as RNA,NULL,RNA-Seq of Diversity Outbred,JR009376,JAXST00007
JAXMM00415,JMUS415,DO387,N/A,9/22/2015,JAXDI00001,10/26/2015,JAXDR00002,N/A,male,Sample sent from Keller Attie as RNA,NULL,RNA-Seq of Diversity Outbred,JR009376,JAXST00007
JAXMM00416,JMUS416,DO388,N/A,9/22/2015,JAXDI00001,10/26/2015,JAXDR00002,N/A,male,Sample sent from Keller Attie as RNA,NULL,RNA-Seq of Diversity Outbred,JR009376,JAXST00007
JAXMM00417,JMUS417,DO389,N/A,9/22/2015,JAXDI00001,10/26/2015,JAXDR00002,N/A,male,Sample sent from Keller Attie as RNA,NULL,RNA-Seq of Diversity Outbred,JR009376,JAXST00007
JAXMM00418,JMUS418,DO390,N/A,9/22/2015,JAXDI00001,10/26/2015,JAXDR00002,N/A,male,Sample sent from Keller Attie as RNA,NULL,RNA-Seq of Diversity Outbred,JR009376,JAXST00007
JAXMM00419,JMUS419,DO391,N/A,9/22/2015,JAXDI00001,10/26/2015,JAXDR00002,N/A,male,Sample sent from Keller Attie as RNA,NULL,RNA-Seq of Diversity Outbred,JR009376,JAXST00007
JAXMM00420,JMUS420,DO392,N/A,9/22/2015,JAXDI00001,10/26/2015,JAXDR00002,N/A,male,Sample sent from Keller Attie as RNA,NULL,RNA-Seq of Diversity Outbred,JR009376,JAXST00007
JAXMM00421,JMUS421,DO393,N/A,9/22/2015,JAXDI00001,10/26/2015,JAXDR00002,N/A,male,Sample sent from Keller Attie as RNA,NULL,RNA-Seq of Diversity Outbred,JR009376,JAXST00007
JAXMM00422,JMUS422,DO394,N/A,9/22/2015,JAXDI00001,10/26/2015,JAXDR00002,N/A,male,Sample sent from Keller Attie as RNA,NULL,RNA-Seq of Diversity Outbred,JR009376,JAXST00007
JAXMM00423,JMUS423,DO395,N/A,9/22/2015,JAXDI00001,10/26/2015,JAXDR00002,N/A,male,Sample sent from Keller Attie as RNA,NULL,RNA-Seq of Diversity Outbred,JR009376,JAXST00007
JAXMM00424,JMUS424,DO396,N/A,9/22/2015,JAXDI00001,10/26/2015,JAXDR00002,N/A,male,Sample sent from Keller Attie as RNA,NULL,RNA-Seq of Diversity Outbred,JR009376,JAXST00007
JAXMM00425,JMUS425,DO397,N/A,9/22/2015,JAXDI00001,10/26/2015,JAXDR00002,N/A,male,Sample sent from Keller Attie as RNA,NULL,RNA-Seq of Diversity Outbred,JR009376,JAXST00007
JAXMM00426,JMUS426,DO398,N/A,9/22/2015,JAXDI00001,10/26/2015,JAXDR00002,N/A,male,Sample sent from Keller Attie as RNA,NULL,RNA-Seq of Diversity Outbred,JR009376,JAXST00007
JAXMM00427,JMUS427,DO399,N/A,9/22/2015,JAXDI00001,10/26/2015,JAXDR00002,N/A,male,Sample sent from Keller Attie as RNA,NULL,RNA-Seq of Diversity Outbred,JR009376,JAXST00007
JAXMM00428,JMUS428,DO400,N/A,9/22/2015,JAXDI00001,10/26/2015,JAXDR00002,N/A,male,Sample sent from Keller Attie as RNA,NULL,RNA-Seq of Diversity Outbred,JR009376,JAXST00007
JAXMM00429,JMUS429,DO401,N/A,9/22/2015,JAXDI00001,10/26/2015,JAXDR00002,N/A,male,Sample sent from Keller Attie as RNA,NULL,RNA-Seq of Diversity Outbred,JR009376,JAXST00007
JAXMM00430,JMUS430,DO402,N/A,9/22/2015,JAXDI00001,10/26/2015,JAXDR00002,N/A,male,Sample sent from Keller Attie as RNA,NULL,RNA-Seq of Diversity Outbred,JR009376,JAXST00007
JAXMM00431,JMUS431,DO403,N/A,9/22/2015,JAXDI00001,10/26/2015,JAXDR00002,N/A,male,Sample sent from Keller Attie as RNA,NULL,RNA-Seq of Diversity Outbred,JR009376,JAXST00007
JAXMM00432,JMUS432,DO404,N/A,9/22/2015,JAXDI00001,10/26/2015,JAXDR00002,N/A,male,Sample sent from Keller Attie as RNA,NULL,RNA-Seq of Diversity Outbred,JR009376,JAXST00007
JAXMM00433,JMUS433,DO405,N/A,9/22/2015,JAXDI00001,10/26/2015,JAXDR00002,N/A,male,Sample sent from Keller Attie as RNA,NULL,RNA-Seq of Diversity Outbred,JR009376,JAXST00007
JAXMM00434,JMUS434,DO406,N/A,9/22/2015,JAXDI00001,10/26/2015,JAXDR00002,N/A,male,Sample sent from Keller Attie as RNA,NULL,RNA-Seq of Diversity Outbred,JR009376,JAXST00007
JAXMM00435,JMUS435,DO407,N/A,9/22/2015,JAXDI00001,10/26/2015,JAXDR00002,N/A,male,Sample sent from Keller Attie as RNA,NULL,RNA-Seq of Diversity Outbred,JR009376,JAXST00007
JAXMM00436,JMUS436,DO408,N/A,9/22/2015,JAXDI00001,10/26/2015,JAXDR00002,N/A,male,Sample sent from Keller Attie as RNA,NULL,RNA-Seq of Diversity Outbred,JR009376,JAXST00007
JAXMM00437,JMUS437,DO409,N/A,9/22/2015,JAXDI00001,10/26/2015,JAXDR00002,N/A,male,Sample sent from Keller Attie as RNA,NULL,RNA-Seq of Diversity Outbred,JR009376,JAXST00007
JAXMM00438,JMUS438,DO410,N/A,9/22/2015,JAXDI00001,10/26/2015,JAXDR00002,N/A,male,Sample sent from Keller Attie as RNA,NULL,RNA-Seq of Diversity Outbred,JR009376,JAXST00007
JAXMM00439,JMUS439,DO411,N/A,9/22/2015,JAXDI00001,10/26/2015,JAXDR00002,N/A,male,Sample sent from Keller Attie as RNA,NULL,RNA-Seq of Diversity Outbred,JR009376,JAXST00007
JAXMM00440,JMUS440,DO412,N/A,9/22/2015,JAXDI00001,10/26/2015,JAXDR00002,N/A,male,Sample sent from Keller Attie as RNA,NULL,RNA-Seq of Diversity Outbred,JR009376,JAXST00007
JAXMM00441,JMUS441,DO413,N/A,9/22/2015,JAXDI00001,10/26/2015,JAXDR00002,N/A,male,Sample sent from Keller Attie as RNA,NULL,RNA-Seq of Diversity Outbred,JR009376,JAXST00007
JAXMM00442,JMUS442,DO414,N/A,9/22/2015,JAXDI00001,10/26/2015,JAXDR00002,N/A,male,Sample sent from Keller Attie as RNA,NULL,RNA-Seq of Diversity Outbred,JR009376,JAXST00007
JAXMM00443,JMUS443,DO415,N/A,9/22/2015,JAXDI00001,10/26/2015,JAXDR00002,N/A,male,Sample sent from Keller Attie as RNA,NULL,RNA-Seq of Diversity Outbred,JR009376,JAXST00007
JAXMM00444,JMUS444,DO416,N/A,9/22/2015,JAXDI00001,10/26/2015,JAXDR00002,N/A,male,Sample sent from Keller Attie as RNA,NULL,RNA-Seq of Diversity Outbred,JR009376,JAXST00007
JAXMM00445,JMUS445,DO417,N/A,9/22/2015,JAXDI00001,10/26/2015,JAXDR00002,N/A,male,Sample sent from Keller Attie as RNA,NULL,RNA-Seq of Diversity Outbred,JR009376,JAXST00007
JAXMM00446,JMUS446,DO420,N/A,9/22/2015,JAXDI00001,10/26/2015,JAXDR00002,N/A,male,Sample sent from Keller Attie as RNA,NULL,RNA-Seq of Diversity Outbred,JR009376,JAXST00007
JAXMM00447,JMUS447,DO462,N/A,6/21/2016,JAXDI00001,7/25/2016,JAXDR00002,N/A,female,Sample sent from Keller Attie as RNA,NULL,RNA-Seq of Diversity Outbred,JR009376,JAXST00007
JAXMM00448,JMUS448,DO463,N/A,6/21/2016,JAXDI00001,7/25/2016,JAXDR00002,N/A,female,Sample sent from Keller Attie as RNA,NULL,RNA-Seq of Diversity Outbred,JR009376,JAXST00007
JAXMM00449,JMUS449,DO464,N/A,6/21/2016,JAXDI00001,7/25/2016,JAXDR00002,N/A,female,Sample sent from Keller Attie as RNA,NULL,RNA-Seq of Diversity Outbred,JR009376,JAXST00007
JAXMM00450,JMUS450,DO465,N/A,6/21/2016,JAXDI00001,7/25/2016,JAXDR00002,N/A,female,Sample sent from Keller Attie as RNA,NULL,RNA-Seq of Diversity Outbred,JR009376,JAXST00007
JAXMM00451,JMUS451,DO466,N/A,6/21/2016,JAXDI00001,7/25/2016,JAXDR00002,N/A,female,Sample sent from Keller Attie as RNA,NULL,RNA-Seq of Diversity Outbred,JR009376,JAXST00007
JAXMM00452,JMUS452,DO467,N/A,6/21/2016,JAXDI00001,7/25/2016,JAXDR00002,N/A,female,Sample sent from Keller Attie as RNA,NULL,RNA-Seq of Diversity Outbred,JR009376,JAXST00007
JAXMM00453,JMUS453,DO468,N/A,6/21/2016,JAXDI00001,7/25/2016,JAXDR00002,N/A,female,Sample sent from Keller Attie as RNA,NULL,RNA-Seq of Diversity Outbred,JR009376,JAXST00007
JAXMM00454,JMUS454,DO469,N/A,6/21/2016,JAXDI00001,7/25/2016,JAXDR00002,N/A,female,Sample sent from Keller Attie as RNA,NULL,RNA-Seq of Diversity Outbred,JR009376,JAXST00007
JAXMM00455,JMUS455,DO470,N/A,6/21/2016,JAXDI00001,7/25/2016,JAXDR00002,N/A,female,Sample sent from Keller Attie as RNA,NULL,RNA-Seq of Diversity Outbred,JR009376,JAXST00007
JAXMM00456,JMUS456,DO471,N/A,6/21/2016,JAXDI00001,7/25/2016,JAXDR00002,N/A,female,Sample sent from Keller Attie as RNA,NULL,RNA-Seq of Diversity Outbred,JR009376,JAXST00007
JAXMM00457,JMUS457,DO472,N/A,6/21/2016,JAXDI00001,7/25/2016,JAXDR00002,N/A,female,Sample sent from Keller Attie as RNA,NULL,RNA-Seq of Diversity Outbred,JR009376,JAXST00007
JAXMM00458,JMUS458,DO473,N/A,6/21/2016,JAXDI00001,7/25/2016,JAXDR00002,N/A,female,Sample sent from Keller Attie as RNA,NULL,RNA-Seq of Diversity Outbred,JR009376,JAXST00007
JAXMM00459,JMUS459,DO474,N/A,6/21/2016,JAXDI00001,7/25/2016,JAXDR00002,N/A,female,Sample sent from Keller Attie as RNA,NULL,RNA-Seq of Diversity Outbred,JR009376,JAXST00007
JAXMM00460,JMUS460,DO475,N/A,6/21/2016,JAXDI00001,7/25/2016,JAXDR00002,N/A,female,Sample sent from Keller Attie as RNA,NULL,RNA-Seq of Diversity Outbred,JR009376,JAXST00007
JAXMM00461,JMUS461,DO476,N/A,6/21/2016,JAXDI00001,7/25/2016,JAXDR00002,N/A,female,Sample sent from Keller Attie as RNA,NULL,RNA-Seq of Diversity Outbred,JR009376,JAXST00007
JAXMM00462,JMUS462,DO477,N/A,6/21/2016,JAXDI00001,7/25/2016,JAXDR00002,N/A,female,Sample sent from Keller Attie as RNA,NULL,RNA-Seq of Diversity Outbred,JR009376,JAXST00007
JAXMM00463,JMUS463,DO478,N/A,6/21/2016,JAXDI00001,7/25/2016,JAXDR00002,N/A,female,Sample sent from Keller Attie as RNA,NULL,RNA-Seq of Diversity Outbred,JR009376,JAXST00007
JAXMM00464,JMUS464,DO479,N/A,6/21/2016,JAXDI00001,7/25/2016,JAXDR00002,N/A,female,Sample sent from Keller Attie as RNA,NULL,RNA-Seq of Diversity Outbred,JR009376,JAXST00007
JAXMM00465,JMUS465,DO480,N/A,6/21/2016,JAXDI00001,7/25/2016,JAXDR00002,N/A,female,Sample sent from Keller Attie as RNA,NULL,RNA-Seq of Diversity Outbred,JR009376,JAXST00007
JAXMM00466,JMUS466,DO481,N/A,6/21/2016,JAXDI00001,7/25/2016,JAXDR00002,N/A,female,Sample sent from Keller Attie as RNA,NULL,RNA-Seq of Diversity Outbred,JR009376,JAXST00007
JAXMM00467,JMUS467,DO482,N/A,6/21/2016,JAXDI00001,7/25/2016,JAXDR00002,N/A,female,Sample sent from Keller Attie as RNA,NULL,RNA-Seq of Diversity Outbred,JR009376,JAXST00007
JAXMM00468,JMUS468,DO483,N/A,6/21/2016,JAXDI00001,7/25/2016,JAXDR00002,N/A,female,Sample sent from Keller Attie as RNA,NULL,RNA-Seq of Diversity Outbred,JR009376,JAXST00007
JAXMM00469,JMUS469,DO484,N/A,6/21/2016,JAXDI00001,7/25/2016,JAXDR00002,N/A,female,Sample sent from Keller Attie as RNA,NULL,RNA-Seq of Diversity Outbred,JR009376,JAXST00007
JAXMM00470,JMUS470,DO485,N/A,6/21/2016,JAXDI00001,7/25/2016,JAXDR00002,N/A,female,Sample sent from Keller Attie as RNA,NULL,RNA-Seq of Diversity Outbred,JR009376,JAXST00007
JAXMM00471,JMUS471,DO486,N/A,6/21/2016,JAXDI00001,7/25/2016,JAXDR00002,N/A,female,Sample sent from Keller Attie as RNA,NULL,RNA-Seq of Diversity Outbred,JR009376,JAXST00007
JAXMM00472,JMUS472,DO487,N/A,6/21/2016,JAXDI00001,7/25/2016,JAXDR00002,N/A,female,Sample sent from Keller Attie as RNA,NULL,RNA-Seq of Diversity Outbred,JR009376,JAXST00007
JAXMM00473,JMUS473,DO488,N/A,6/21/2016,JAXDI00001,7/25/2016,JAXDR00002,N/A,female,Sample sent from Keller Attie as RNA,NULL,RNA-Seq of Diversity Outbred,JR009376,JAXST00007
JAXMM00474,JMUS474,DO489,N/A,6/21/2016,JAXDI00001,7/25/2016,JAXDR00002,N/A,female,Sample sent from Keller Attie as RNA,NULL,RNA-Seq of Diversity Outbred,JR009376,JAXST00007
JAXMM00475,JMUS475,DO490,N/A,6/21/2016,JAXDI00001,7/25/2016,JAXDR00002,N/A,female,Sample sent from Keller Attie as RNA,NULL,RNA-Seq of Diversity Outbred,JR009376,JAXST00007
JAXMM00476,JMUS476,DO491,N/A,6/21/2016,JAXDI00001,7/25/2016,JAXDR00002,N/A,female,Sample sent from Keller Attie as RNA,NULL,RNA-Seq of Diversity Outbred,JR009376,JAXST00007
JAXMM00477,JMUS477,DO492,N/A,6/21/2016,JAXDI00001,7/25/2016,JAXDR00002,N/A,female,Sample sent from Keller Attie as RNA,NULL,RNA-Seq of Diversity Outbred,JR009376,JAXST00007
JAXMM00478,JMUS478,DO493,N/A,6/21/2016,JAXDI00001,7/25/2016,JAXDR00002,N/A,female,Sample sent from Keller Attie as RNA,NULL,RNA-Seq of Diversity Outbred,JR009376,JAXST00007
JAXMM00479,JMUS479,DO494,N/A,6/21/2016,JAXDI00001,7/25/2016,JAXDR00002,N/A,female,Sample sent from Keller Attie as RNA,NULL,RNA-Seq of Diversity Outbred,JR009376,JAXST00007
JAXMM00480,JMUS480,DO495,N/A,6/21/2016,JAXDI00001,7/25/2016,JAXDR00002,N/A,female,Sample sent from Keller Attie as RNA,NULL,RNA-Seq of Diversity Outbred,JR009376,JAXST00007
JAXMM00481,JMUS481,DO496,N/A,6/21/2016,JAXDI00001,7/25/2016,JAXDR00002,N/A,female,Sample sent from Keller Attie as RNA,NULL,RNA-Seq of Diversity Outbred,JR009376,JAXST00007
JAXMM00482,JMUS482,DO497,N/A,6/21/2016,JAXDI00001,7/25/2016,JAXDR00002,N/A,female,Sample sent from Keller Attie as RNA,NULL,RNA-Seq of Diversity Outbred,JR009376,JAXST00007
JAXMM00483,JMUS483,DO498,N/A,6/21/2016,JAXDI00001,7/25/2016,JAXDR00002,N/A,female,Sample sent from Keller Attie as RNA,NULL,RNA-Seq of Diversity Outbred,JR009376,JAXST00007
JAXMM00484,JMUS484,DO499,N/A,6/21/2016,JAXDI00001,7/25/2016,JAXDR00002,N/A,female,Sample sent from Keller Attie as RNA,NULL,RNA-Seq of Diversity Outbred,JR009376,JAXST00007
JAXMM00485,JMUS485,DO500,N/A,6/21/2016,JAXDI00001,7/25/2016,JAXDR00002,N/A,female,Sample sent from Keller Attie as RNA,NULL,RNA-Seq of Diversity Outbred,JR009376,JAXST00007
JAXMM00486,JMUS486,DO501,N/A,6/21/2016,JAXDI00001,7/25/2016,JAXDR00002,N/A,female,Sample sent from Keller Attie as RNA,NULL,RNA-Seq of Diversity Outbred,JR009376,JAXST00007
JAXMM00487,JMUS487,DO502,N/A,6/21/2016,JAXDI00001,7/25/2016,JAXDR00002,N/A,female,Sample sent from Keller Attie as RNA,NULL,RNA-Seq of Diversity Outbred,JR009376,JAXST00007
JAXMM00488,JMUS488,DO503,N/A,6/21/2016,JAXDI00001,7/25/2016,JAXDR00002,N/A,female,Sample sent from Keller Attie as RNA,NULL,RNA-Seq of Diversity Outbred,JR009376,JAXST00007
JAXMM00489,JMUS489,DO504,N/A,6/21/2016,JAXDI00001,7/25/2016,JAXDR00002,N/A,female,Sample sent from Keller Attie as RNA,NULL,RNA-Seq of Diversity Outbred,JR009376,JAXST00007
JAXMM00490,JMUS490,DO505,N/A,6/21/2016,JAXDI00001,7/25/2016,JAXDR00002,N/A,female,Sample sent from Keller Attie as RNA,NULL,RNA-Seq of Diversity Outbred,JR009376,JAXST00007
JAXMM00491,JMUS491,DO506,N/A,6/21/2016,JAXDI00001,7/25/2016,JAXDR00002,N/A,female,Sample sent from Keller Attie as RNA,NULL,RNA-Seq of Diversity Outbred,JR009376,JAXST00007
JAXMM00492,JMUS492,DO507,N/A,6/21/2016,JAXDI00001,7/25/2016,JAXDR00002,N/A,female,Sample sent from Keller Attie as RNA,NULL,RNA-Seq of Diversity Outbred,JR009376,JAXST00007
JAXMM00493,JMUS493,DO508,N/A,6/21/2016,JAXDI00001,7/25/2016,JAXDR00002,N/A,female,Sample sent from Keller Attie as RNA,NULL,RNA-Seq of Diversity Outbred,JR009376,JAXST00007
JAXMM00494,JMUS494,DO510,N/A,6/21/2016,JAXDI00001,7/25/2016,JAXDR00002,N/A,female,Sample sent from Keller Attie as RNA,NULL,RNA-Seq of Diversity Outbred,JR009376,JAXST00007
JAXMM00495,JMUS495,DO511,N/A,6/21/2016,JAXDI00001,7/25/2016,JAXDR00002,N/A,male,Sample sent from Keller Attie as RNA,NULL,RNA-Seq of Diversity Outbred,JR009376,JAXST00007
JAXMM00496,JMUS496,DO512,N/A,6/21/2016,JAXDI00001,7/25/2016,JAXDR00002,N/A,male,Sample sent from Keller Attie as RNA,NULL,RNA-Seq of Diversity Outbred,JR009376,JAXST00007
JAXMM00497,JMUS497,DO513,N/A,6/21/2016,JAXDI00001,7/25/2016,JAXDR00002,N/A,male,Sample sent from Keller Attie as RNA,NULL,RNA-Seq of Diversity Outbred,JR009376,JAXST00007
JAXMM00498,JMUS498,DO514,N/A,6/21/2016,JAXDI00001,7/25/2016,JAXDR00002,N/A,male,Sample sent from Keller Attie as RNA,NULL,RNA-Seq of Diversity Outbred,JR009376,JAXST00007
JAXMM00499,JMUS499,DO515,N/A,6/21/2016,JAXDI00001,7/25/2016,JAXDR00002,N/A,male,Sample sent from Keller Attie as RNA,NULL,RNA-Seq of Diversity Outbred,JR009376,JAXST00007
JAXMM00500,JMUS500,DO516,N/A,6/21/2016,JAXDI00001,7/25/2016,JAXDR00002,N/A,male,Sample sent from Keller Attie as RNA,NULL,RNA-Seq of Diversity Outbred,JR009376,JAXST00007
JAXMM00501,JMUS501,DO517,N/A,6/21/2016,JAXDI00001,7/25/2016,JAXDR00002,N/A,male,Sample sent from Keller Attie as RNA,NULL,RNA-Seq of Diversity Outbred,JR009376,JAXST00007
JAXMM00502,JMUS502,DO518,N/A,6/21/2016,JAXDI00001,7/25/2016,JAXDR00002,N/A,male,Sample sent from Keller Attie as RNA,NULL,RNA-Seq of Diversity Outbred,JR009376,JAXST00007
JAXMM00503,JMUS503,DO519,N/A,6/21/2016,JAXDI00001,7/25/2016,JAXDR00002,N/A,male,Sample sent from Keller Attie as RNA,NULL,RNA-Seq of Diversity Outbred,JR009376,JAXST00007
JAXMM00504,JMUS504,DO520,N/A,6/21/2016,JAXDI00001,7/25/2016,JAXDR00002,N/A,male,Sample sent from Keller Attie as RNA,NULL,RNA-Seq of Diversity Outbred,JR009376,JAXST00007
JAXMM00505,JMUS505,DO521,N/A,6/21/2016,JAXDI00001,7/25/2016,JAXDR00002,N/A,male,Sample sent from Keller Attie as RNA,NULL,RNA-Seq of Diversity Outbred,JR009376,JAXST00007
JAXMM00506,JMUS506,DO522,N/A,6/21/2016,JAXDI00001,7/25/2016,JAXDR00002,N/A,male,Sample sent from Keller Attie as RNA,NULL,RNA-Seq of Diversity Outbred,JR009376,JAXST00007
JAXMM00507,JMUS507,DO523,N/A,6/21/2016,JAXDI00001,7/25/2016,JAXDR00002,N/A,male,Sample sent from Keller Attie as RNA,NULL,RNA-Seq of Diversity Outbred,JR009376,JAXST00007
JAXMM00508,JMUS508,DO524,N/A,6/21/2016,JAXDI00001,7/25/2016,JAXDR00002,N/A,male,Sample sent from Keller Attie as RNA,NULL,RNA-Seq of Diversity Outbred,JR009376,JAXST00007
JAXMM00509,JMUS509,DO525,N/A,6/21/2016,JAXDI00001,7/25/2016,JAXDR00002,N/A,male,Sample sent from Keller Attie as RNA,NULL,RNA-Seq of Diversity Outbred,JR009376,JAXST00007
JAXMM00510,JMUS510,DO526,N/A,6/21/2016,JAXDI00001,7/25/2016,JAXDR00002,N/A,male,Sample sent from Keller Attie as RNA,NULL,RNA-Seq of Diversity Outbred,JR009376,JAXST00007
JAXMM00511,JMUS511,DO527,N/A,6/21/2016,JAXDI00001,7/25/2016,JAXDR00002,N/A,male,Sample sent from Keller Attie as RNA,NULL,RNA-Seq of Diversity Outbred,JR009376,JAXST00007
JAXMM00512,JMUS512,DO528,N/A,6/21/2016,JAXDI00001,7/25/2016,JAXDR00002,N/A,male,Sample sent from Keller Attie as RNA,NULL,RNA-Seq of Diversity Outbred,JR009376,JAXST00007
JAXMM00513,JMUS513,DO529,N/A,6/21/2016,JAXDI00001,7/25/2016,JAXDR00002,N/A,male,Sample sent from Keller Attie as RNA,NULL,RNA-Seq of Diversity Outbred,JR009376,JAXST00007
JAXMM00514,JMUS514,DO530,N/A,6/21/2016,JAXDI00001,7/25/2016,JAXDR00002,N/A,male,Sample sent from Keller Attie as RNA,NULL,RNA-Seq of Diversity Outbred,JR009376,JAXST00007
JAXMM00515,JMUS515,DO531,N/A,6/21/2016,JAXDI00001,7/25/2016,JAXDR00002,N/A,male,Sample sent from Keller Attie as RNA,NULL,RNA-Seq of Diversity Outbred,JR009376,JAXST00007
JAXMM00516,JMUS516,DO532,N/A,6/21/2016,JAXDI00001,7/25/2016,JAXDR00002,N/A,male,Sample sent from Keller Attie as RNA,NULL,RNA-Seq of Diversity Outbred,JR009376,JAXST00007
JAXMM00517,JMUS517,DO533,N/A,6/21/2016,JAXDI00001,7/25/2016,JAXDR00002,N/A,male,Sample sent from Keller Attie as RNA,NULL,RNA-Seq of Diversity Outbred,JR009376,JAXST00007
JAXMM00518,JMUS518,DO534,N/A,6/21/2016,JAXDI00001,7/25/2016,JAXDR00002,N/A,male,Sample sent from Keller Attie as RNA,NULL,RNA-Seq of Diversity Outbred,JR009376,JAXST00007
JAXMM00519,JMUS519,DO535,N/A,6/21/2016,JAXDI00001,7/25/2016,JAXDR00002,N/A,male,Sample sent from Keller Attie as RNA,NULL,RNA-Seq of Diversity Outbred,JR009376,JAXST00007
JAXMM00520,JMUS520,DO536,N/A,6/21/2016,JAXDI00001,7/25/2016,JAXDR00002,N/A,male,Sample sent from Keller Attie as RNA,NULL,RNA-Seq of Diversity Outbred,JR009376,JAXST00007
JAXMM00521,JMUS521,DO537,N/A,6/21/2016,JAXDI00001,7/25/2016,JAXDR00002,N/A,male,Sample sent from Keller Attie as RNA,NULL,RNA-Seq of Diversity Outbred,JR009376,JAXST00007
JAXMM00522,JMUS522,DO538,N/A,6/21/2016,JAXDI00001,7/25/2016,JAXDR00002,N/A,male,Sample sent from Keller Attie as RNA,NULL,RNA-Seq of Diversity Outbred,JR009376,JAXST00007
JAXMM00523,JMUS523,DO539,N/A,6/21/2016,JAXDI00001,7/25/2016,JAXDR00002,N/A,male,Sample sent from Keller Attie as RNA,NULL,RNA-Seq of Diversity Outbred,JR009376,JAXST00007
JAXMM00524,JMUS524,DO540,N/A,6/21/2016,JAXDI00001,7/25/2016,JAXDR00002,N/A,male,Sample sent from Keller Attie as RNA,NULL,RNA-Seq of Diversity Outbred,JR009376,JAXST00007
JAXMM00525,JMUS525,DO541,N/A,6/21/2016,JAXDI00001,7/25/2016,JAXDR00002,N/A,male,Sample sent from Keller Attie as RNA,NULL,RNA-Seq of Diversity Outbred,JR009376,JAXST00007
JAXMM00526,JMUS526,DO542,N/A,6/21/2016,JAXDI00001,7/25/2016,JAXDR00002,N/A,male,Sample sent from Keller Attie as RNA,NULL,RNA-Seq of Diversity Outbred,JR009376,JAXST00007
JAXMM00527,JMUS527,DO543,N/A,6/21/2016,JAXDI00001,7/25/2016,JAXDR00002,N/A,male,Sample sent from Keller Attie as RNA,NULL,RNA-Seq of Diversity Outbred,JR009376,JAXST00007
JAXMM00528,JMUS528,DO544,N/A,6/21/2016,JAXDI00001,7/25/2016,JAXDR00002,N/A,male,Sample sent from Keller Attie as RNA,NULL,RNA-Seq of Diversity Outbred,JR009376,JAXST00007
JAXMM00529,JMUS529,DO545,N/A,6/21/2016,JAXDI00001,7/25/2016,JAXDR00002,N/A,male,Sample sent from Keller Attie as RNA,NULL,RNA-Seq of Diversity Outbred,JR009376,JAXST00007
JAXMM00530,JMUS530,DO546,N/A,6/21/2016,JAXDI00001,7/25/2016,JAXDR00002,N/A,male,Sample sent from Keller Attie as RNA,NULL,RNA-Seq of Diversity Outbred,JR009376,JAXST00007
JAXMM00531,JMUS531,DO547,N/A,6/21/2016,JAXDI00001,7/25/2016,JAXDR00002,N/A,male,Sample sent from Keller Attie as RNA,NULL,RNA-Seq of Diversity Outbred,JR009376,JAXST00007
JAXMM00532,JMUS532,DO548,N/A,6/21/2016,JAXDI00001,7/25/2016,JAXDR00002,N/A,male,Sample sent from Keller Attie as RNA,NULL,RNA-Seq of Diversity Outbred,JR009376,JAXST00007
JAXMM00533,JMUS533,DO549,N/A,6/21/2016,JAXDI00001,7/25/2016,JAXDR00002,N/A,male,Sample sent from Keller Attie as RNA,NULL,RNA-Seq of Diversity Outbred,JR009376,JAXST00007
JAXMM00534,JMUS534,DO550,N/A,6/21/2016,JAXDI00001,7/25/2016,JAXDR00002,N/A,male,Sample sent from Keller Attie as RNA,NULL,RNA-Seq of Diversity Outbred,JR009376,JAXST00007
JAXMM00535,JMUS535,DO551,N/A,6/21/2016,JAXDI00001,7/25/2016,JAXDR00002,N/A,male,Sample sent from Keller Attie as RNA,NULL,RNA-Seq of Diversity Outbred,JR009376,JAXST00007
JAXMM00536,JMUS536,DO552,N/A,6/21/2016,JAXDI00001,7/25/2016,JAXDR00002,N/A,male,Sample sent from Keller Attie as RNA,NULL,RNA-Seq of Diversity Outbred,JR009376,JAXST00007
JAXMM00537,JMUS537,DO553,N/A,6/21/2016,JAXDI00001,7/25/2016,JAXDR00002,N/A,male,Sample sent from Keller Attie as RNA,NULL,RNA-Seq of Diversity Outbred,JR009376,JAXST00007
JAXMM00538,JMUS538,DO554,N/A,6/21/2016,JAXDI00001,7/25/2016,JAXDR00002,N/A,male,Sample sent from Keller Attie as RNA,NULL,RNA-Seq of Diversity Outbred,JR009376,JAXST00007
JAXMM00539,JMUS539,DO555,N/A,6/21/2016,JAXDI00001,7/25/2016,JAXDR00002,N/A,male,Sample sent from Keller Attie as RNA,NULL,RNA-Seq of Diversity Outbred,JR009376,JAXST00007
JAXMM00540,JMUS540,DO556,N/A,6/21/2016,JAXDI00001,7/25/2016,JAXDR00002,N/A,male,Sample sent from Keller Attie as RNA,NULL,RNA-Seq of Diversity Outbred,JR009376,JAXST00007
JAXMM00541,JMUS541,DO557,N/A,6/21/2016,JAXDI00001,7/25/2016,JAXDR00002,N/A,male,Sample sent from Keller Attie as RNA,NULL,RNA-Seq of Diversity Outbred,JR009376,JAXST00007
JAXMM00542,JMUS542,DO558,N/A,6/21/2016,JAXDI00001,7/25/2016,JAXDR00002,N/A,male,Sample sent from Keller Attie as RNA,NULL,RNA-Seq of Diversity Outbred,JR009376,JAXST00007
JAXMM00543,JMUS543,DO559,N/A,6/21/2016,JAXDI00001,7/25/2016,JAXDR00002,N/A,male,Sample sent from Keller Attie as RNA,NULL,RNA-Seq of Diversity Outbred,JR009376,JAXST00007
JAXMM00544,JMUS544,DO560,N/A,6/21/2016,JAXDI00001,7/25/2016,JAXDR00002,N/A,male,Sample sent from Keller Attie as RNA,NULL,RNA-Seq of Diversity Outbred,JR009376,JAXST00007
JAXMM00545,JMUS551,DO461,N/A,6/21/2016,JAXDI00001,7/25/2016,JAXDR00002,N/A,female,Sample sent from Keller Attie as RNA,NULL,RNA-Seq of Diversity Outbred,JR009376,JAXST00007
